Year,HA_position,Amino_acid,Count,Total_sequences,Percentage
1968,66,K,81,81,100.0
1968,69,N,81,81,100.0
1968,70,N,1,81,1.2345679012345678
1968,70,S,80,81,98.76543209876543
1968,71,P,81,81,100.0
1968,73,Q,81,81,100.0
1968,74,I,81,81,100.0
1968,75,L,81,81,100.0
1968,76,D,81,81,100.0
1968,78,G,81,81,100.0
1968,79,N,81,81,100.0
1968,94,G,81,81,100.0
1968,95,F,81,81,100.0
1968,98,K,81,81,100.0
1968,106,R,81,81,100.0
1968,108,G,1,81,1.2345679012345678
1968,108,R,80,81,98.76543209876543
1968,289,P,81,81,100.0
1968,290,I,81,81,100.0
1968,291,G,81,81,100.0
1968,292,E,81,81,100.0
1968,293,C,81,81,100.0
1968,294,K,81,81,100.0
1969,66,K,7,7,100.0
1969,69,N,7,7,100.0
1969,70,S,7,7,100.0
1969,71,P,7,7,100.0
1969,73,Q,7,7,100.0
1969,74,I,7,7,100.0
1969,75,L,7,7,100.0
1969,76,D,7,7,100.0
1969,78,G,7,7,100.0
1969,79,N,7,7,100.0
1969,94,G,7,7,100.0
1969,95,F,7,7,100.0
1969,98,K,7,7,100.0
1969,106,R,7,7,100.0
1969,108,R,7,7,100.0
1969,289,P,7,7,100.0
1969,290,I,7,7,100.0
1969,291,G,7,7,100.0
1969,292,E,7,7,100.0
1969,293,C,7,7,100.0
1969,294,K,7,7,100.0
1970,66,K,6,6,100.0
1970,69,N,6,6,100.0
1970,70,S,6,6,100.0
1970,71,P,6,6,100.0
1970,73,Q,6,6,100.0
1970,74,I,6,6,100.0
1970,75,L,6,6,100.0
1970,76,D,6,6,100.0
1970,78,G,6,6,100.0
1970,79,N,6,6,100.0
1970,94,G,6,6,100.0
1970,95,F,6,6,100.0
1970,98,K,6,6,100.0
1970,106,R,6,6,100.0
1970,108,R,6,6,100.0
1970,289,P,6,6,100.0
1970,290,I,6,6,100.0
1970,291,G,6,6,100.0
1970,292,E,6,6,100.0
1970,293,C,6,6,100.0
1970,294,K,6,6,100.0
1971,66,K,7,7,100.0
1971,69,N,7,7,100.0
1971,70,S,7,7,100.0
1971,71,P,7,7,100.0
1971,73,Q,7,7,100.0
1971,74,I,7,7,100.0
1971,75,L,7,7,100.0
1971,76,D,7,7,100.0
1971,78,G,7,7,100.0
1971,79,N,7,7,100.0
1971,94,G,7,7,100.0
1971,95,F,7,7,100.0
1971,98,K,7,7,100.0
1971,106,R,7,7,100.0
1971,108,R,7,7,100.0
1971,289,P,6,7,85.71428571428571
1971,289,S,1,7,14.285714285714285
1971,290,I,7,7,100.0
1971,291,G,7,7,100.0
1971,292,E,7,7,100.0
1971,293,C,7,7,100.0
1971,294,K,7,7,100.0
1972,66,K,18,18,100.0
1972,69,N,18,18,100.0
1972,70,S,18,18,100.0
1972,71,P,18,18,100.0
1972,73,Q,18,18,100.0
1972,74,I,18,18,100.0
1972,75,L,18,18,100.0
1972,76,D,18,18,100.0
1972,78,G,18,18,100.0
1972,79,N,18,18,100.0
1972,94,D,1,18,5.555555555555555
1972,94,G,17,18,94.44444444444444
1972,95,F,18,18,100.0
1972,98,K,18,18,100.0
1972,106,R,18,18,100.0
1972,108,R,18,18,100.0
1972,289,P,18,18,100.0
1972,290,I,18,18,100.0
1972,291,G,18,18,100.0
1972,292,E,18,18,100.0
1972,293,C,18,18,100.0
1972,294,K,18,18,100.0
1973,66,K,10,10,100.0
1973,69,N,10,10,100.0
1973,70,S,10,10,100.0
1973,71,P,10,10,100.0
1973,73,Q,10,10,100.0
1973,74,I,10,10,100.0
1973,75,L,10,10,100.0
1973,76,D,10,10,100.0
1973,78,G,10,10,100.0
1973,79,N,10,10,100.0
1973,94,G,10,10,100.0
1973,95,F,10,10,100.0
1973,98,K,10,10,100.0
1973,106,R,10,10,100.0
1973,108,R,10,10,100.0
1973,289,P,10,10,100.0
1973,290,I,10,10,100.0
1973,291,G,10,10,100.0
1973,292,E,10,10,100.0
1973,293,C,10,10,100.0
1973,294,K,10,10,100.0
1974,66,K,11,11,100.0
1974,69,N,11,11,100.0
1974,70,S,11,11,100.0
1974,71,P,11,11,100.0
1974,73,Q,11,11,100.0
1974,74,I,11,11,100.0
1974,75,L,11,11,100.0
1974,76,D,11,11,100.0
1974,78,G,11,11,100.0
1974,79,N,11,11,100.0
1974,94,G,11,11,100.0
1974,95,F,11,11,100.0
1974,98,K,11,11,100.0
1974,106,R,11,11,100.0
1974,108,R,11,11,100.0
1974,289,P,11,11,100.0
1974,290,I,11,11,100.0
1974,291,G,11,11,100.0
1974,292,E,11,11,100.0
1974,293,C,11,11,100.0
1974,294,K,11,11,100.0
1975,66,K,8,8,100.0
1975,69,N,8,8,100.0
1975,70,S,8,8,100.0
1975,71,P,8,8,100.0
1975,73,Q,8,8,100.0
1975,74,I,8,8,100.0
1975,75,L,8,8,100.0
1975,76,D,8,8,100.0
1975,78,G,8,8,100.0
1975,79,N,8,8,100.0
1975,94,G,8,8,100.0
1975,95,F,8,8,100.0
1975,98,K,8,8,100.0
1975,106,R,8,8,100.0
1975,108,R,8,8,100.0
1975,289,P,8,8,100.0
1975,290,I,8,8,100.0
1975,291,G,8,8,100.0
1975,292,E,8,8,100.0
1975,293,C,8,8,100.0
1975,294,K,8,8,100.0
1976,66,K,18,18,100.0
1976,69,N,18,18,100.0
1976,70,S,18,18,100.0
1976,71,P,18,18,100.0
1976,73,Q,18,18,100.0
1976,74,I,18,18,100.0
1976,75,L,18,18,100.0
1976,76,D,18,18,100.0
1976,78,G,18,18,100.0
1976,79,N,18,18,100.0
1976,94,G,18,18,100.0
1976,95,F,18,18,100.0
1976,98,K,18,18,100.0
1976,106,R,18,18,100.0
1976,108,R,18,18,100.0
1976,289,P,18,18,100.0
1976,290,I,18,18,100.0
1976,291,G,18,18,100.0
1976,292,E,18,18,100.0
1976,293,C,18,18,100.0
1976,294,K,18,18,100.0
1977,66,K,13,13,100.0
1977,69,N,13,13,100.0
1977,70,S,13,13,100.0
1977,71,P,13,13,100.0
1977,73,Q,13,13,100.0
1977,74,I,13,13,100.0
1977,75,L,13,13,100.0
1977,76,D,13,13,100.0
1977,78,G,13,13,100.0
1977,79,N,13,13,100.0
1977,94,G,13,13,100.0
1977,95,F,13,13,100.0
1977,98,K,13,13,100.0
1977,106,R,13,13,100.0
1977,108,R,13,13,100.0
1977,289,P,13,13,100.0
1977,290,I,13,13,100.0
1977,291,G,13,13,100.0
1977,292,E,13,13,100.0
1977,293,C,13,13,100.0
1977,294,K,13,13,100.0
1978,66,K,6,6,100.0
1978,69,N,6,6,100.0
1978,70,S,6,6,100.0
1978,71,P,6,6,100.0
1978,73,Q,6,6,100.0
1978,74,I,6,6,100.0
1978,75,L,6,6,100.0
1978,76,D,6,6,100.0
1978,78,G,6,6,100.0
1978,79,N,6,6,100.0
1978,94,G,6,6,100.0
1978,95,F,6,6,100.0
1978,98,K,6,6,100.0
1978,106,R,6,6,100.0
1978,108,R,6,6,100.0
1978,289,P,6,6,100.0
1978,290,I,6,6,100.0
1978,291,G,6,6,100.0
1978,292,E,6,6,100.0
1978,293,C,6,6,100.0
1978,294,K,6,6,100.0
1979,66,K,2,2,100.0
1979,69,N,2,2,100.0
1979,70,S,2,2,100.0
1979,71,P,2,2,100.0
1979,73,Q,2,2,100.0
1979,74,I,2,2,100.0
1979,75,L,2,2,100.0
1979,76,D,2,2,100.0
1979,78,G,2,2,100.0
1979,79,N,2,2,100.0
1979,94,G,2,2,100.0
1979,95,F,2,2,100.0
1979,98,K,2,2,100.0
1979,106,R,2,2,100.0
1979,108,R,2,2,100.0
1979,289,P,2,2,100.0
1979,290,I,2,2,100.0
1979,291,G,2,2,100.0
1979,292,E,2,2,100.0
1979,293,C,2,2,100.0
1979,294,K,2,2,100.0
1980,66,K,9,9,100.0
1980,69,N,9,9,100.0
1980,70,S,9,9,100.0
1980,71,P,9,9,100.0
1980,73,Q,9,9,100.0
1980,74,I,9,9,100.0
1980,75,L,9,9,100.0
1980,76,D,9,9,100.0
1980,78,G,9,9,100.0
1980,79,N,9,9,100.0
1980,94,G,9,9,100.0
1980,95,F,9,9,100.0
1980,98,K,9,9,100.0
1980,106,R,9,9,100.0
1980,108,K,1,9,11.11111111111111
1980,108,R,8,9,88.88888888888889
1980,289,P,9,9,100.0
1980,290,I,9,9,100.0
1980,291,G,9,9,100.0
1980,292,E,9,9,100.0
1980,293,C,9,9,100.0
1980,294,K,9,9,100.0
1981,66,K,3,3,100.0
1981,69,N,3,3,100.0
1981,70,S,3,3,100.0
1981,71,P,3,3,100.0
1981,73,Q,3,3,100.0
1981,74,I,3,3,100.0
1981,75,L,3,3,100.0
1981,76,D,3,3,100.0
1981,78,G,3,3,100.0
1981,79,N,3,3,100.0
1981,94,G,3,3,100.0
1981,95,F,3,3,100.0
1981,98,K,3,3,100.0
1981,106,R,3,3,100.0
1981,108,R,3,3,100.0
1981,289,P,3,3,100.0
1981,290,I,3,3,100.0
1981,291,G,3,3,100.0
1981,292,E,3,3,100.0
1981,293,C,3,3,100.0
1981,294,K,3,3,100.0
1982,66,K,11,11,100.0
1982,69,N,11,11,100.0
1982,70,S,11,11,100.0
1982,71,P,11,11,100.0
1982,73,Q,11,11,100.0
1982,74,I,11,11,100.0
1982,75,L,11,11,100.0
1982,76,D,11,11,100.0
1982,78,E,1,11,9.090909090909092
1982,78,G,10,11,90.9090909090909
1982,79,N,11,11,100.0
1982,94,G,11,11,100.0
1982,95,F,11,11,100.0
1982,98,K,11,11,100.0
1982,106,R,11,11,100.0
1982,108,R,11,11,100.0
1982,289,P,10,11,90.9090909090909
1982,289,S,1,11,9.090909090909092
1982,290,I,11,11,100.0
1982,291,G,11,11,100.0
1982,292,E,11,11,100.0
1982,293,C,11,11,100.0
1982,294,K,11,11,100.0
1983,66,K,6,6,100.0
1983,69,N,6,6,100.0
1983,70,S,6,6,100.0
1983,71,P,6,6,100.0
1983,73,Q,6,6,100.0
1983,74,I,6,6,100.0
1983,75,L,6,6,100.0
1983,76,D,6,6,100.0
1983,78,G,6,6,100.0
1983,79,D,1,6,16.666666666666664
1983,79,N,5,6,83.33333333333334
1983,94,G,6,6,100.0
1983,95,F,6,6,100.0
1983,98,K,6,6,100.0
1983,106,R,6,6,100.0
1983,108,R,6,6,100.0
1983,289,L,1,6,16.666666666666664
1983,289,P,5,6,83.33333333333334
1983,290,I,6,6,100.0
1983,291,G,6,6,100.0
1983,292,E,6,6,100.0
1983,293,C,6,6,100.0
1983,294,K,6,6,100.0
1984,66,K,4,4,100.0
1984,69,N,4,4,100.0
1984,70,S,4,4,100.0
1984,71,P,4,4,100.0
1984,73,Q,4,4,100.0
1984,74,I,4,4,100.0
1984,75,L,4,4,100.0
1984,76,D,4,4,100.0
1984,78,G,4,4,100.0
1984,79,N,4,4,100.0
1984,94,D,2,4,50.0
1984,94,G,2,4,50.0
1984,95,F,4,4,100.0
1984,98,K,4,4,100.0
1984,106,R,4,4,100.0
1984,108,R,4,4,100.0
1984,289,P,4,4,100.0
1984,290,I,4,4,100.0
1984,291,G,4,4,100.0
1984,292,E,4,4,100.0
1984,293,C,4,4,100.0
1984,294,K,4,4,100.0
1985,66,K,13,13,100.0
1985,69,N,13,13,100.0
1985,70,S,13,13,100.0
1985,71,P,13,13,100.0
1985,73,Q,13,13,100.0
1985,74,I,13,13,100.0
1985,75,L,13,13,100.0
1985,76,D,13,13,100.0
1985,78,E,1,13,7.6923076923076925
1985,78,G,11,13,84.61538461538461
1985,78,R,1,13,7.6923076923076925
1985,79,N,13,13,100.0
1985,94,G,13,13,100.0
1985,95,F,13,13,100.0
1985,98,K,13,13,100.0
1985,106,R,13,13,100.0
1985,108,R,13,13,100.0
1985,289,P,13,13,100.0
1985,290,I,13,13,100.0
1985,291,G,13,13,100.0
1985,292,E,13,13,100.0
1985,293,C,13,13,100.0
1985,294,K,13,13,100.0
1986,66,K,8,8,100.0
1986,69,N,8,8,100.0
1986,70,S,8,8,100.0
1986,71,P,8,8,100.0
1986,73,Q,8,8,100.0
1986,74,I,8,8,100.0
1986,75,L,8,8,100.0
1986,76,D,8,8,100.0
1986,78,G,8,8,100.0
1986,79,N,8,8,100.0
1986,94,G,8,8,100.0
1986,95,F,8,8,100.0
1986,98,K,8,8,100.0
1986,106,R,8,8,100.0
1986,108,R,8,8,100.0
1986,289,P,8,8,100.0
1986,290,I,8,8,100.0
1986,291,G,8,8,100.0
1986,292,E,8,8,100.0
1986,293,C,8,8,100.0
1986,294,K,8,8,100.0
1987,66,K,5,5,100.0
1987,69,N,5,5,100.0
1987,70,S,5,5,100.0
1987,71,P,5,5,100.0
1987,73,Q,5,5,100.0
1987,74,I,5,5,100.0
1987,75,L,5,5,100.0
1987,76,D,5,5,100.0
1987,78,G,5,5,100.0
1987,79,N,5,5,100.0
1987,94,G,5,5,100.0
1987,95,F,5,5,100.0
1987,98,K,5,5,100.0
1987,106,R,5,5,100.0
1987,108,R,5,5,100.0
1987,289,P,5,5,100.0
1987,290,I,5,5,100.0
1987,291,G,5,5,100.0
1987,292,E,5,5,100.0
1987,293,C,5,5,100.0
1987,294,K,5,5,100.0
1988,66,K,13,13,100.0
1988,69,N,13,13,100.0
1988,70,S,13,13,100.0
1988,71,P,13,13,100.0
1988,73,Q,13,13,100.0
1988,74,I,13,13,100.0
1988,75,L,13,13,100.0
1988,76,D,13,13,100.0
1988,78,G,13,13,100.0
1988,79,N,13,13,100.0
1988,94,G,13,13,100.0
1988,95,F,13,13,100.0
1988,98,K,13,13,100.0
1988,106,R,13,13,100.0
1988,108,R,13,13,100.0
1988,289,P,13,13,100.0
1988,290,I,13,13,100.0
1988,291,G,13,13,100.0
1988,292,E,13,13,100.0
1988,293,C,13,13,100.0
1988,294,K,13,13,100.0
1989,66,K,20,20,100.0
1989,69,N,20,20,100.0
1989,70,S,20,20,100.0
1989,71,P,20,20,100.0
1989,73,Q,19,20,95.0
1989,73,R,1,20,5.0
1989,74,I,20,20,100.0
1989,75,L,20,20,100.0
1989,76,D,20,20,100.0
1989,78,E,2,20,10.0
1989,78,G,18,20,90.0
1989,79,N,20,20,100.0
1989,94,D,1,20,5.0
1989,94,G,19,20,95.0
1989,95,F,20,20,100.0
1989,98,K,20,20,100.0
1989,106,R,20,20,100.0
1989,108,R,20,20,100.0
1989,289,P,20,20,100.0
1989,290,I,20,20,100.0
1989,291,G,20,20,100.0
1989,292,E,20,20,100.0
1989,293,C,20,20,100.0
1989,294,K,20,20,100.0
1990,66,K,11,11,100.0
1990,69,N,11,11,100.0
1990,70,S,11,11,100.0
1990,71,P,11,11,100.0
1990,73,Q,11,11,100.0
1990,74,I,11,11,100.0
1990,75,L,11,11,100.0
1990,76,D,11,11,100.0
1990,78,E,2,11,18.181818181818183
1990,78,G,9,11,81.81818181818183
1990,79,N,11,11,100.0
1990,94,G,10,11,90.9090909090909
1990,94,S,1,11,9.090909090909092
1990,95,F,11,11,100.0
1990,98,K,11,11,100.0
1990,106,R,11,11,100.0
1990,108,R,11,11,100.0
1990,289,P,11,11,100.0
1990,290,I,11,11,100.0
1990,291,G,11,11,100.0
1990,292,E,11,11,100.0
1990,293,C,11,11,100.0
1990,294,K,11,11,100.0
1991,66,K,38,38,100.0
1991,69,N,38,38,100.0
1991,70,S,38,38,100.0
1991,71,P,38,38,100.0
1991,73,Q,38,38,100.0
1991,74,I,38,38,100.0
1991,75,L,38,38,100.0
1991,76,D,38,38,100.0
1991,78,E,1,38,2.631578947368421
1991,78,G,37,38,97.36842105263158
1991,79,K,1,38,2.631578947368421
1991,79,N,37,38,97.36842105263158
1991,94,D,1,38,2.631578947368421
1991,94,G,37,38,97.36842105263158
1991,95,F,37,38,97.36842105263158
1991,95,V,1,38,2.631578947368421
1991,98,K,38,38,100.0
1991,106,R,38,38,100.0
1991,108,K,2,38,5.263157894736842
1991,108,R,36,38,94.73684210526315
1991,289,P,37,38,97.36842105263158
1991,289,X,1,38,2.631578947368421
1991,290,I,37,38,97.36842105263158
1991,290,X,1,38,2.631578947368421
1991,291,G,37,38,97.36842105263158
1991,291,X,1,38,2.631578947368421
1991,292,E,37,38,97.36842105263158
1991,292,X,1,38,2.631578947368421
1991,293,C,37,38,97.36842105263158
1991,293,X,1,38,2.631578947368421
1991,294,K,37,38,97.36842105263158
1991,294,X,1,38,2.631578947368421
1992,66,K,38,38,100.0
1992,69,N,38,38,100.0
1992,70,S,38,38,100.0
1992,71,P,38,38,100.0
1992,73,Q,38,38,100.0
1992,74,I,38,38,100.0
1992,75,L,38,38,100.0
1992,76,D,38,38,100.0
1992,78,E,2,38,5.263157894736842
1992,78,G,35,38,92.10526315789474
1992,78,R,1,38,2.631578947368421
1992,79,N,38,38,100.0
1992,94,G,37,38,97.36842105263158
1992,94,S,1,38,2.631578947368421
1992,95,F,36,38,94.73684210526315
1992,95,I,1,38,2.631578947368421
1992,95,V,1,38,2.631578947368421
1992,98,K,38,38,100.0
1992,106,R,38,38,100.0
1992,108,R,38,38,100.0
1992,289,P,38,38,100.0
1992,290,I,38,38,100.0
1992,291,G,38,38,100.0
1992,292,E,38,38,100.0
1992,293,C,38,38,100.0
1992,294,K,38,38,100.0
1993,66,K,105,105,100.0
1993,69,N,105,105,100.0
1993,70,S,105,105,100.0
1993,71,P,104,105,99.04761904761905
1993,71,S,1,105,0.9523809523809524
1993,73,K,1,105,0.9523809523809524
1993,73,Q,104,105,99.04761904761905
1993,74,I,105,105,100.0
1993,75,L,105,105,100.0
1993,76,D,105,105,100.0
1993,78,E,2,105,1.9047619047619049
1993,78,G,103,105,98.09523809523809
1993,79,N,104,105,99.04761904761905
1993,79,Y,1,105,0.9523809523809524
1993,94,G,105,105,100.0
1993,95,F,102,105,97.14285714285714
1993,95,V,3,105,2.857142857142857
1993,98,K,105,105,100.0
1993,106,R,105,105,100.0
1993,108,R,105,105,100.0
1993,289,P,104,105,99.04761904761905
1993,289,S,1,105,0.9523809523809524
1993,290,I,105,105,100.0
1993,291,G,105,105,100.0
1993,292,E,103,105,98.09523809523809
1993,292,G,1,105,0.9523809523809524
1993,292,K,1,105,0.9523809523809524
1993,293,C,105,105,100.0
1993,294,K,104,105,99.04761904761905
1993,294,N,1,105,0.9523809523809524
1994,66,K,74,74,100.0
1994,69,N,74,74,100.0
1994,70,N,1,74,1.3513513513513513
1994,70,S,73,74,98.64864864864865
1994,71,P,74,74,100.0
1994,73,Q,74,74,100.0
1994,74,I,74,74,100.0
1994,75,L,74,74,100.0
1994,76,D,74,74,100.0
1994,78,E,2,74,2.7027027027027026
1994,78,G,72,74,97.2972972972973
1994,79,N,74,74,100.0
1994,94,G,72,74,97.2972972972973
1994,94,S,2,74,2.7027027027027026
1994,95,F,66,74,89.1891891891892
1994,95,L,1,74,1.3513513513513513
1994,95,V,7,74,9.45945945945946
1994,98,K,74,74,100.0
1994,106,R,74,74,100.0
1994,108,R,74,74,100.0
1994,289,L,1,74,1.3513513513513513
1994,289,P,73,74,98.64864864864865
1994,290,I,74,74,100.0
1994,291,D,1,74,1.3513513513513513
1994,291,G,73,74,98.64864864864865
1994,292,E,74,74,100.0
1994,293,C,74,74,100.0
1994,294,K,74,74,100.0
1995,66,K,76,76,100.0
1995,69,N,76,76,100.0
1995,70,N,1,76,1.3157894736842104
1995,70,S,75,76,98.68421052631578
1995,71,P,76,76,100.0
1995,73,Q,76,76,100.0
1995,74,I,75,76,98.68421052631578
1995,74,V,1,76,1.3157894736842104
1995,75,L,76,76,100.0
1995,76,D,76,76,100.0
1995,78,G,76,76,100.0
1995,79,N,75,76,98.68421052631578
1995,79,Y,1,76,1.3157894736842104
1995,94,G,75,76,98.68421052631578
1995,94,S,1,76,1.3157894736842104
1995,95,F,73,76,96.05263157894737
1995,95,L,1,76,1.3157894736842104
1995,95,V,2,76,2.631578947368421
1995,98,E,1,76,1.3157894736842104
1995,98,K,75,76,98.68421052631578
1995,106,R,76,76,100.0
1995,108,R,76,76,100.0
1995,289,P,76,76,100.0
1995,290,I,75,76,98.68421052631578
1995,290,V,1,76,1.3157894736842104
1995,291,G,76,76,100.0
1995,292,E,76,76,100.0
1995,293,C,76,76,100.0
1995,294,K,76,76,100.0
1996,66,K,90,90,100.0
1996,69,N,90,90,100.0
1996,70,N,1,90,1.1111111111111112
1996,70,S,89,90,98.88888888888889
1996,71,P,90,90,100.0
1996,73,Q,90,90,100.0
1996,74,I,90,90,100.0
1996,75,L,90,90,100.0
1996,76,D,90,90,100.0
1996,78,E,1,90,1.1111111111111112
1996,78,G,89,90,98.88888888888889
1996,79,N,90,90,100.0
1996,94,G,88,90,97.77777777777777
1996,94,S,2,90,2.2222222222222223
1996,95,F,88,90,97.77777777777777
1996,95,L,1,90,1.1111111111111112
1996,95,V,1,90,1.1111111111111112
1996,98,E,1,90,1.1111111111111112
1996,98,K,89,90,98.88888888888889
1996,106,R,90,90,100.0
1996,108,K,1,90,1.1111111111111112
1996,108,R,89,90,98.88888888888889
1996,289,P,90,90,100.0
1996,290,I,90,90,100.0
1996,291,G,90,90,100.0
1996,292,E,90,90,100.0
1996,293,C,90,90,100.0
1996,294,E,1,90,1.1111111111111112
1996,294,K,89,90,98.88888888888889
1997,66,K,72,72,100.0
1997,69,N,72,72,100.0
1997,70,I,1,72,1.3888888888888888
1997,70,S,71,72,98.61111111111111
1997,71,P,72,72,100.0
1997,73,Q,72,72,100.0
1997,74,I,72,72,100.0
1997,75,L,72,72,100.0
1997,76,D,72,72,100.0
1997,78,E,2,72,2.7777777777777777
1997,78,G,69,72,95.83333333333334
1997,78,R,1,72,1.3888888888888888
1997,79,N,71,72,98.61111111111111
1997,79,Y,1,72,1.3888888888888888
1997,94,G,72,72,100.0
1997,95,F,70,72,97.22222222222221
1997,95,V,2,72,2.7777777777777777
1997,98,K,72,72,100.0
1997,106,R,72,72,100.0
1997,108,R,72,72,100.0
1997,289,P,72,72,100.0
1997,290,I,72,72,100.0
1997,291,G,72,72,100.0
1997,292,E,72,72,100.0
1997,293,C,72,72,100.0
1997,294,K,72,72,100.0
1998,66,K,93,93,100.0
1998,69,N,93,93,100.0
1998,70,N,3,93,3.225806451612903
1998,70,S,90,93,96.7741935483871
1998,71,P,93,93,100.0
1998,73,Q,93,93,100.0
1998,74,I,93,93,100.0
1998,75,L,93,93,100.0
1998,76,D,92,93,98.9247311827957
1998,76,N,1,93,1.0752688172043012
1998,78,E,1,93,1.0752688172043012
1998,78,G,92,93,98.9247311827957
1998,79,N,93,93,100.0
1998,94,G,92,93,98.9247311827957
1998,94,S,1,93,1.0752688172043012
1998,95,F,91,93,97.84946236559139
1998,95,V,1,93,1.0752688172043012
1998,95,Y,1,93,1.0752688172043012
1998,98,K,93,93,100.0
1998,106,R,93,93,100.0
1998,108,R,93,93,100.0
1998,289,P,92,93,98.9247311827957
1998,289,S,1,93,1.0752688172043012
1998,290,I,93,93,100.0
1998,291,G,93,93,100.0
1998,292,E,92,93,98.9247311827957
1998,292,K,1,93,1.0752688172043012
1998,293,C,93,93,100.0
1998,294,K,93,93,100.0
1999,66,K,181,181,100.0
1999,69,N,181,181,100.0
1999,70,N,2,181,1.1049723756906076
1999,70,S,179,181,98.89502762430939
1999,71,P,181,181,100.0
1999,73,Q,181,181,100.0
1999,74,I,181,181,100.0
1999,75,L,181,181,100.0
1999,76,D,181,181,100.0
1999,78,E,2,181,1.1049723756906076
1999,78,G,179,181,98.89502762430939
1999,79,D,3,181,1.6574585635359116
1999,79,N,178,181,98.34254143646409
1999,94,D,1,181,0.5524861878453038
1999,94,G,178,181,98.34254143646409
1999,94,S,2,181,1.1049723756906076
1999,95,F,170,181,93.92265193370166
1999,95,I,1,181,0.5524861878453038
1999,95,V,9,181,4.972375690607735
1999,95,Y,1,181,0.5524861878453038
1999,98,E,1,181,0.5524861878453038
1999,98,K,180,181,99.4475138121547
1999,106,R,181,181,100.0
1999,108,R,181,181,100.0
1999,289,A,2,181,1.1049723756906076
1999,289,L,1,181,0.5524861878453038
1999,289,P,176,181,97.23756906077348
1999,289,S,2,181,1.1049723756906076
1999,290,I,181,181,100.0
1999,291,G,180,181,99.4475138121547
1999,291,S,1,181,0.5524861878453038
1999,292,E,181,181,100.0
1999,293,C,181,181,100.0
1999,294,K,181,181,100.0
2000,66,K,177,177,100.0
2000,69,K,1,177,0.5649717514124294
2000,69,N,176,177,99.43502824858757
2000,70,N,5,177,2.824858757062147
2000,70,S,172,177,97.17514124293785
2000,71,P,177,177,100.0
2000,73,Q,177,177,100.0
2000,74,I,175,177,98.87005649717514
2000,74,T,1,177,0.5649717514124294
2000,74,V,1,177,0.5649717514124294
2000,75,L,177,177,100.0
2000,76,D,177,177,100.0
2000,78,E,2,177,1.1299435028248588
2000,78,G,175,177,98.87005649717514
2000,79,N,177,177,100.0
2000,94,G,176,177,99.43502824858757
2000,94,S,1,177,0.5649717514124294
2000,95,F,172,177,97.17514124293785
2000,95,V,4,177,2.2598870056497176
2000,95,Y,1,177,0.5649717514124294
2000,98,E,1,177,0.5649717514124294
2000,98,K,176,177,99.43502824858757
2000,106,R,177,177,100.0
2000,108,K,1,177,0.5649717514124294
2000,108,R,176,177,99.43502824858757
2000,289,L,2,177,1.1299435028248588
2000,289,P,173,177,97.74011299435028
2000,289,S,1,177,0.5649717514124294
2000,289,X,1,177,0.5649717514124294
2000,290,I,176,177,99.43502824858757
2000,290,V,1,177,0.5649717514124294
2000,291,G,177,177,100.0
2000,292,E,175,177,98.87005649717514
2000,292,K,2,177,1.1299435028248588
2000,293,C,177,177,100.0
2000,294,K,175,177,98.87005649717514
2000,294,N,2,177,1.1299435028248588
2001,66,K,97,97,100.0
2001,69,N,97,97,100.0
2001,70,N,6,97,6.185567010309279
2001,70,S,91,97,93.81443298969072
2001,71,P,97,97,100.0
2001,73,Q,97,97,100.0
2001,74,I,97,97,100.0
2001,75,I,1,97,1.0309278350515463
2001,75,L,96,97,98.96907216494846
2001,76,D,97,97,100.0
2001,78,E,2,97,2.0618556701030926
2001,78,G,95,97,97.9381443298969
2001,79,N,97,97,100.0
2001,94,G,93,97,95.87628865979381
2001,94,S,4,97,4.123711340206185
2001,95,F,94,97,96.90721649484536
2001,95,V,3,97,3.0927835051546393
2001,98,K,97,97,100.0
2001,106,R,97,97,100.0
2001,108,K,2,97,2.0618556701030926
2001,108,R,95,97,97.9381443298969
2001,289,L,1,97,1.0309278350515463
2001,289,P,94,97,96.90721649484536
2001,289,S,2,97,2.0618556701030926
2001,290,I,97,97,100.0
2001,291,G,97,97,100.0
2001,292,E,97,97,100.0
2001,293,C,97,97,100.0
2001,294,K,97,97,100.0
2002,66,K,228,228,100.0
2002,69,N,228,228,100.0
2002,70,N,3,228,1.3157894736842104
2002,70,S,225,228,98.68421052631578
2002,71,P,228,228,100.0
2002,73,H,1,228,0.43859649122807015
2002,73,Q,227,228,99.56140350877193
2002,74,I,227,228,99.56140350877193
2002,74,T,1,228,0.43859649122807015
2002,75,I,1,228,0.43859649122807015
2002,75,L,227,228,99.56140350877193
2002,76,D,228,228,100.0
2002,78,E,5,228,2.1929824561403506
2002,78,G,222,228,97.36842105263158
2002,78,K,1,228,0.43859649122807015
2002,79,N,228,228,100.0
2002,94,G,226,228,99.12280701754386
2002,94,S,2,228,0.8771929824561403
2002,95,F,224,228,98.24561403508771
2002,95,I,1,228,0.43859649122807015
2002,95,V,3,228,1.3157894736842104
2002,98,K,228,228,100.0
2002,106,R,228,228,100.0
2002,108,R,228,228,100.0
2002,289,A,1,228,0.43859649122807015
2002,289,P,225,228,98.68421052631578
2002,289,S,2,228,0.8771929824561403
2002,290,I,227,228,99.56140350877193
2002,290,V,1,228,0.43859649122807015
2002,291,G,228,228,100.0
2002,292,E,227,228,99.56140350877193
2002,292,K,1,228,0.43859649122807015
2002,293,C,228,228,100.0
2002,294,E,1,228,0.43859649122807015
2002,294,K,227,228,99.56140350877193
2003,66,E,10,401,2.493765586034913
2003,66,G,1,401,0.24937655860349126
2003,66,K,390,401,97.2568578553616
2003,69,D,13,401,3.2418952618453867
2003,69,N,388,401,96.75810473815461
2003,70,N,4,401,0.997506234413965
2003,70,S,397,401,99.00249376558602
2003,71,P,401,401,100.0
2003,73,Q,401,401,100.0
2003,74,I,401,401,100.0
2003,75,L,401,401,100.0
2003,76,B,1,401,0.24937655860349126
2003,76,D,400,401,99.75062344139651
2003,78,E,20,401,4.987531172069826
2003,78,G,381,401,95.01246882793018
2003,79,N,400,401,99.75062344139651
2003,79,Y,1,401,0.24937655860349126
2003,94,D,1,401,0.24937655860349126
2003,94,G,398,401,99.25187032418953
2003,94,S,2,401,0.4987531172069825
2003,95,F,390,401,97.2568578553616
2003,95,I,1,401,0.24937655860349126
2003,95,V,9,401,2.2443890274314215
2003,95,Y,1,401,0.24937655860349126
2003,98,E,1,401,0.24937655860349126
2003,98,K,400,401,99.75062344139651
2003,106,R,401,401,100.0
2003,108,K,12,401,2.9925187032418954
2003,108,R,389,401,97.0074812967581
2003,289,A,1,401,0.24937655860349126
2003,289,P,396,401,98.75311720698254
2003,289,S,4,401,0.997506234413965
2003,290,I,401,401,100.0
2003,291,G,401,401,100.0
2003,292,E,387,401,96.50872817955111
2003,292,G,1,401,0.24937655860349126
2003,292,K,13,401,3.2418952618453867
2003,293,C,401,401,100.0
2003,294,E,1,401,0.24937655860349126
2003,294,K,387,401,96.50872817955111
2003,294,N,12,401,2.9925187032418954
2003,294,X,1,401,0.24937655860349126
2004,66,K,346,346,100.0
2004,69,N,346,346,100.0
2004,70,G,3,346,0.8670520231213872
2004,70,N,1,346,0.2890173410404624
2004,70,S,342,346,98.84393063583815
2004,71,P,346,346,100.0
2004,73,Q,346,346,100.0
2004,74,I,346,346,100.0
2004,75,L,346,346,100.0
2004,76,D,346,346,100.0
2004,78,E,1,346,0.2890173410404624
2004,78,G,344,346,99.42196531791907
2004,78,X,1,346,0.2890173410404624
2004,79,N,345,346,99.71098265895954
2004,79,X,1,346,0.2890173410404624
2004,94,D,1,346,0.2890173410404624
2004,94,G,342,346,98.84393063583815
2004,94,S,2,346,0.5780346820809248
2004,94,X,1,346,0.2890173410404624
2004,95,F,310,346,89.59537572254335
2004,95,I,1,346,0.2890173410404624
2004,95,V,34,346,9.826589595375722
2004,95,X,1,346,0.2890173410404624
2004,98,K,345,346,99.71098265895954
2004,98,X,1,346,0.2890173410404624
2004,106,R,343,346,99.13294797687861
2004,106,X,3,346,0.8670520231213872
2004,108,G,1,346,0.2890173410404624
2004,108,R,342,346,98.84393063583815
2004,108,X,3,346,0.8670520231213872
2004,289,L,1,346,0.2890173410404624
2004,289,P,338,346,97.6878612716763
2004,289,X,7,346,2.023121387283237
2004,290,I,338,346,97.6878612716763
2004,290,T,1,346,0.2890173410404624
2004,290,X,7,346,2.023121387283237
2004,291,G,339,346,97.97687861271676
2004,291,X,7,346,2.023121387283237
2004,292,E,337,346,97.39884393063583
2004,292,K,1,346,0.2890173410404624
2004,292,X,8,346,2.312138728323699
2004,293,C,338,346,97.6878612716763
2004,293,X,8,346,2.312138728323699
2004,294,K,337,346,97.39884393063583
2004,294,X,9,346,2.601156069364162
2005,66,K,330,330,100.0
2005,69,N,330,330,100.0
2005,70,N,4,330,1.2121212121212122
2005,70,S,326,330,98.7878787878788
2005,71,P,330,330,100.0
2005,73,H,1,330,0.30303030303030304
2005,73,Q,329,330,99.69696969696969
2005,74,I,330,330,100.0
2005,75,L,330,330,100.0
2005,76,D,330,330,100.0
2005,78,E,4,330,1.2121212121212122
2005,78,G,326,330,98.7878787878788
2005,79,N,329,330,99.69696969696969
2005,79,Y,1,330,0.30303030303030304
2005,94,G,329,330,99.69696969696969
2005,94,S,1,330,0.30303030303030304
2005,95,F,318,330,96.36363636363636
2005,95,V,11,330,3.3333333333333335
2005,95,Y,1,330,0.30303030303030304
2005,98,E,1,330,0.30303030303030304
2005,98,K,329,330,99.69696969696969
2005,106,R,330,330,100.0
2005,108,R,330,330,100.0
2005,289,A,1,330,0.30303030303030304
2005,289,P,328,330,99.39393939393939
2005,289,S,1,330,0.30303030303030304
2005,290,I,330,330,100.0
2005,291,D,1,330,0.30303030303030304
2005,291,G,329,330,99.69696969696969
2005,292,E,328,330,99.39393939393939
2005,292,K,2,330,0.6060606060606061
2005,293,C,330,330,100.0
2005,294,K,328,330,99.39393939393939
2005,294,N,2,330,0.6060606060606061
2006,66,E,1,127,0.7874015748031495
2006,66,K,126,127,99.21259842519686
2006,69,D,2,127,1.574803149606299
2006,69,N,125,127,98.4251968503937
2006,70,S,127,127,100.0
2006,71,P,127,127,100.0
2006,73,Q,127,127,100.0
2006,74,I,127,127,100.0
2006,75,L,127,127,100.0
2006,76,D,127,127,100.0
2006,78,E,2,127,1.574803149606299
2006,78,G,125,127,98.4251968503937
2006,79,N,127,127,100.0
2006,94,G,126,127,99.21259842519686
2006,94,S,1,127,0.7874015748031495
2006,95,F,126,127,99.21259842519686
2006,95,V,1,127,0.7874015748031495
2006,98,K,127,127,100.0
2006,106,R,127,127,100.0
2006,108,K,1,127,0.7874015748031495
2006,108,R,126,127,99.21259842519686
2006,289,P,125,127,98.4251968503937
2006,289,S,2,127,1.574803149606299
2006,290,I,127,127,100.0
2006,291,G,127,127,100.0
2006,292,E,126,127,99.21259842519686
2006,292,K,1,127,0.7874015748031495
2006,293,C,127,127,100.0
2006,294,K,126,127,99.21259842519686
2006,294,N,1,127,0.7874015748031495
2007,66,E,1,533,0.18761726078799248
2007,66,K,531,533,99.62476547842401
2007,66,R,1,533,0.18761726078799248
2007,69,D,1,533,0.18761726078799248
2007,69,K,1,533,0.18761726078799248
2007,69,N,531,533,99.62476547842401
2007,70,N,8,533,1.5009380863039399
2007,70,S,525,533,98.49906191369607
2007,71,P,533,533,100.0
2007,73,K,1,533,0.18761726078799248
2007,73,Q,532,533,99.812382739212
2007,74,I,532,533,99.812382739212
2007,74,V,1,533,0.18761726078799248
2007,75,L,533,533,100.0
2007,76,D,533,533,100.0
2007,78,E,8,533,1.5009380863039399
2007,78,G,523,533,98.12382739212008
2007,78,R,1,533,0.18761726078799248
2007,78,X,1,533,0.18761726078799248
2007,79,D,3,533,0.5628517823639775
2007,79,N,528,533,99.06191369606003
2007,79,S,1,533,0.18761726078799248
2007,79,Y,1,533,0.18761726078799248
2007,94,D,1,533,0.18761726078799248
2007,94,G,530,533,99.43714821763602
2007,94,S,2,533,0.37523452157598497
2007,95,F,520,533,97.5609756097561
2007,95,I,2,533,0.37523452157598497
2007,95,V,11,533,2.0637898686679175
2007,98,K,532,533,99.812382739212
2007,98,N,1,533,0.18761726078799248
2007,106,R,533,533,100.0
2007,108,K,2,533,0.37523452157598497
2007,108,R,531,533,99.62476547842401
2007,289,P,523,533,98.12382739212008
2007,289,S,10,533,1.876172607879925
2007,290,I,532,533,99.812382739212
2007,290,V,1,533,0.18761726078799248
2007,291,G,533,533,100.0
2007,292,E,526,533,98.68667917448406
2007,292,K,7,533,1.3133208255159476
2007,293,C,533,533,100.0
2007,294,F,1,533,0.18761726078799248
2007,294,K,530,533,99.43714821763602
2007,294,N,2,533,0.37523452157598497
2008,66,E,1,547,0.18281535648994515
2008,66,K,545,547,99.6343692870201
2008,66,T,1,547,0.18281535648994515
2008,69,D,1,547,0.18281535648994515
2008,69,N,546,547,99.81718464351006
2008,70,N,39,547,7.129798903107861
2008,70,S,508,547,92.87020109689213
2008,71,P,544,547,99.45155393053017
2008,71,S,3,547,0.5484460694698354
2008,73,Q,547,547,100.0
2008,74,I,545,547,99.6343692870201
2008,74,V,2,547,0.3656307129798903
2008,75,L,547,547,100.0
2008,76,D,547,547,100.0
2008,78,E,6,547,1.0968921389396709
2008,78,G,541,547,98.90310786106032
2008,79,N,546,547,99.81718464351006
2008,79,Y,1,547,0.18281535648994515
2008,94,G,544,547,99.45155393053017
2008,94,S,3,547,0.5484460694698354
2008,95,F,539,547,98.53747714808044
2008,95,I,1,547,0.18281535648994515
2008,95,V,7,547,1.2797074954296161
2008,98,K,546,547,99.81718464351006
2008,98,R,1,547,0.18281535648994515
2008,106,R,547,547,100.0
2008,108,K,1,547,0.18281535648994515
2008,108,R,546,547,99.81718464351006
2008,289,P,543,547,99.26873857404021
2008,289,S,4,547,0.7312614259597806
2008,290,I,547,547,100.0
2008,291,G,547,547,100.0
2008,292,E,542,547,99.08592321755027
2008,292,K,4,547,0.7312614259597806
2008,292,Q,1,547,0.18281535648994515
2008,293,C,547,547,100.0
2008,294,E,3,547,0.5484460694698354
2008,294,K,542,547,99.08592321755027
2008,294,N,2,547,0.3656307129798903
2009,66,E,33,937,3.5218783351120595
2009,66,G,4,937,0.42689434364994666
2009,66,K,893,937,95.30416221985058
2009,66,P,4,937,0.42689434364994666
2009,66,R,1,937,0.10672358591248667
2009,66,X,2,937,0.21344717182497333
2009,69,D,37,937,3.9487726787620065
2009,69,L,4,937,0.42689434364994666
2009,69,N,894,937,95.41088580576307
2009,69,X,2,937,0.21344717182497333
2009,70,G,4,937,0.42689434364994666
2009,70,N,107,937,11.419423692636073
2009,70,S,824,937,87.94023479188901
2009,70,X,2,937,0.21344717182497333
2009,71,P,931,937,99.35965848452508
2009,71,Q,4,937,0.42689434364994666
2009,71,X,2,937,0.21344717182497333
2009,73,H,1,937,0.10672358591248667
2009,73,N,4,937,0.42689434364994666
2009,73,Q,929,937,99.1462113127001
2009,73,R,1,937,0.10672358591248667
2009,73,X,2,937,0.21344717182497333
2009,74,I,933,937,99.57310565635005
2009,74,V,2,937,0.21344717182497333
2009,74,X,2,937,0.21344717182497333
2009,75,A,4,937,0.42689434364994666
2009,75,L,931,937,99.35965848452508
2009,75,X,2,937,0.21344717182497333
2009,76,D,930,937,99.2529348986126
2009,76,G,4,937,0.42689434364994666
2009,76,X,3,937,0.32017075773745995
2009,78,E,37,937,3.9487726787620065
2009,78,G,892,937,95.1974386339381
2009,78,I,4,937,0.42689434364994666
2009,78,R,1,937,0.10672358591248667
2009,78,X,3,937,0.32017075773745995
2009,79,D,1,937,0.10672358591248667
2009,79,L,4,937,0.42689434364994666
2009,79,N,930,937,99.2529348986126
2009,79,X,2,937,0.21344717182497333
2009,94,G,880,937,93.91675560298826
2009,94,S,55,937,5.869797225186766
2009,94,V,1,937,0.10672358591248667
2009,94,X,1,937,0.10672358591248667
2009,95,F,911,937,97.22518676627536
2009,95,I,2,937,0.21344717182497333
2009,95,L,2,937,0.21344717182497333
2009,95,S,1,937,0.10672358591248667
2009,95,V,16,937,1.7075773745997866
2009,95,X,1,937,0.10672358591248667
2009,95,Y,4,937,0.42689434364994666
2009,98,E,4,937,0.42689434364994666
2009,98,K,928,937,99.03948772678763
2009,98,R,4,937,0.42689434364994666
2009,98,X,1,937,0.10672358591248667
2009,106,R,932,937,99.46638207043756
2009,106,T,4,937,0.42689434364994666
2009,106,X,1,937,0.10672358591248667
2009,108,K,36,937,3.84204909284952
2009,108,R,894,937,95.41088580576307
2009,108,X,3,937,0.32017075773745995
2009,108,Y,4,937,0.42689434364994666
2009,289,P,932,937,99.46638207043756
2009,289,V,4,937,0.42689434364994666
2009,289,X,1,937,0.10672358591248667
2009,290,H,4,937,0.42689434364994666
2009,290,I,932,937,99.46638207043756
2009,290,X,1,937,0.10672358591248667
2009,291,D,4,937,0.42689434364994666
2009,291,G,931,937,99.35965848452508
2009,291,S,1,937,0.10672358591248667
2009,291,X,1,937,0.10672358591248667
2009,292,C,4,937,0.42689434364994666
2009,292,E,892,937,95.1974386339381
2009,292,G,2,937,0.21344717182497333
2009,292,K,37,937,3.9487726787620065
2009,292,V,1,937,0.10672358591248667
2009,292,X,1,937,0.10672358591248667
2009,293,C,932,937,99.46638207043756
2009,293,N,4,937,0.42689434364994666
2009,293,X,1,937,0.10672358591248667
2009,294,A,4,937,0.42689434364994666
2009,294,K,895,937,95.51760939167556
2009,294,N,36,937,3.84204909284952
2009,294,T,1,937,0.10672358591248667
2009,294,X,1,937,0.10672358591248667
2010,66,E,4,1068,0.37453183520599254
2010,66,K,1064,1068,99.625468164794
2010,69,D,3,1068,0.2808988764044944
2010,69,H,2,1068,0.18726591760299627
2010,69,N,1059,1068,99.15730337078652
2010,69,S,4,1068,0.37453183520599254
2010,70,N,10,1068,0.9363295880149813
2010,70,S,1058,1068,99.06367041198502
2010,71,P,1068,1068,100.0
2010,73,H,1,1068,0.09363295880149813
2010,73,Q,1064,1068,99.625468164794
2010,73,R,3,1068,0.2808988764044944
2010,74,I,1068,1068,100.0
2010,75,I,2,1068,0.18726591760299627
2010,75,L,1066,1068,99.812734082397
2010,76,D,1068,1068,100.0
2010,78,E,9,1068,0.8426966292134831
2010,78,G,1058,1068,99.06367041198502
2010,78,R,1,1068,0.09363295880149813
2010,79,D,22,1068,2.0599250936329585
2010,79,K,4,1068,0.37453183520599254
2010,79,N,1018,1068,95.31835205992509
2010,79,S,23,1068,2.153558052434457
2010,79,X,1,1068,0.09363295880149813
2010,94,G,1064,1068,99.625468164794
2010,94,S,3,1068,0.2808988764044944
2010,94,X,1,1068,0.09363295880149813
2010,95,F,1058,1068,99.06367041198502
2010,95,L,10,1068,0.9363295880149813
2010,98,K,1052,1068,98.50187265917603
2010,98,N,2,1068,0.18726591760299627
2010,98,R,13,1068,1.2172284644194757
2010,98,X,1,1068,0.09363295880149813
2010,106,R,1068,1068,100.0
2010,108,G,1,1068,0.09363295880149813
2010,108,K,6,1068,0.5617977528089888
2010,108,R,1060,1068,99.25093632958801
2010,108,X,1,1068,0.09363295880149813
2010,289,F,1,1068,0.09363295880149813
2010,289,P,1063,1068,99.53183520599251
2010,289,S,4,1068,0.37453183520599254
2010,290,I,1066,1068,99.812734082397
2010,290,T,1,1068,0.09363295880149813
2010,290,V,1,1068,0.09363295880149813
2010,291,D,1,1068,0.09363295880149813
2010,291,G,1066,1068,99.812734082397
2010,291,S,1,1068,0.09363295880149813
2010,292,E,1059,1068,99.15730337078652
2010,292,G,2,1068,0.18726591760299627
2010,292,K,7,1068,0.6554307116104869
2010,293,C,1068,1068,100.0
2010,294,K,1063,1068,99.53183520599251
2010,294,N,3,1068,0.2808988764044944
2010,294,R,1,1068,0.09363295880149813
2010,294,T,1,1068,0.09363295880149813
2011,66,E,9,1129,0.7971656333038087
2011,66,G,6,1129,0.5314437555358724
2011,66,K,1114,1129,98.67139061116032
2011,69,D,15,1129,1.328609388839681
2011,69,N,1114,1129,98.67139061116032
2011,70,G,1,1129,0.08857395925597875
2011,70,I,1,1129,0.08857395925597875
2011,70,N,13,1129,1.1514614703277237
2011,70,R,8,1129,0.70859167404783
2011,70,S,1106,1129,97.9627989371125
2011,71,P,1129,1129,100.0
2011,73,K,2,1129,0.1771479185119575
2011,73,Q,1127,1129,99.82285208148805
2011,74,I,1127,1129,99.82285208148805
2011,74,V,2,1129,0.1771479185119575
2011,75,I,1,1129,0.08857395925597875
2011,75,L,1128,1129,99.91142604074402
2011,76,D,1129,1129,100.0
2011,78,E,15,1129,1.328609388839681
2011,78,G,1103,1129,97.69707705934455
2011,78,R,11,1129,0.9743135518157661
2011,79,D,17,1129,1.5057573073516386
2011,79,K,13,1129,1.1514614703277237
2011,79,N,1085,1129,96.10274579273693
2011,79,S,14,1129,1.2400354295837024
2011,94,D,1,1129,0.08857395925597875
2011,94,G,1122,1129,99.37998228520814
2011,94,S,6,1129,0.5314437555358724
2011,95,F,1109,1129,98.22852081488043
2011,95,I,1,1129,0.08857395925597875
2011,95,L,19,1129,1.6829052258635961
2011,98,K,1122,1129,99.37998228520814
2011,98,N,2,1129,0.1771479185119575
2011,98,Q,1,1129,0.08857395925597875
2011,98,R,4,1129,0.354295837023915
2011,106,R,1129,1129,100.0
2011,108,K,30,1129,2.657218777679362
2011,108,N,1,1129,0.08857395925597875
2011,108,R,1097,1129,97.16563330380869
2011,108,S,1,1129,0.08857395925597875
2011,289,L,1,1129,0.08857395925597875
2011,289,P,1123,1129,99.46855624446412
2011,289,S,4,1129,0.354295837023915
2011,289,T,1,1129,0.08857395925597875
2011,290,I,1129,1129,100.0
2011,291,D,4,1129,0.354295837023915
2011,291,G,1123,1129,99.46855624446412
2011,291,S,1,1129,0.08857395925597875
2011,291,V,1,1129,0.08857395925597875
2011,292,E,1103,1129,97.69707705934455
2011,292,G,2,1129,0.1771479185119575
2011,292,K,24,1129,2.1257750221434897
2011,293,C,1129,1129,100.0
2011,294,E,3,1129,0.2657218777679362
2011,294,K,1108,1129,98.13994685562444
2011,294,N,16,1129,1.41718334809566
2011,294,R,2,1129,0.1771479185119575
2012,66,K,1731,1732,99.94226327944573
2012,66,R,1,1732,0.057736720554272515
2012,69,K,1,1732,0.057736720554272515
2012,69,N,1725,1732,99.5958429561201
2012,69,S,6,1732,0.3464203233256351
2012,70,G,3,1732,0.17321016166281755
2012,70,N,14,1732,0.8083140877598153
2012,70,R,16,1732,0.9237875288683602
2012,70,S,1699,1732,98.094688221709
2012,71,P,1731,1732,99.94226327944573
2012,71,T,1,1732,0.057736720554272515
2012,73,H,1,1732,0.057736720554272515
2012,73,Q,1731,1732,99.94226327944573
2012,74,I,1732,1732,100.0
2012,75,I,3,1732,0.17321016166281755
2012,75,J,1,1732,0.057736720554272515
2012,75,L,1728,1732,99.76905311778292
2012,76,D,1731,1732,99.94226327944573
2012,76,N,1,1732,0.057736720554272515
2012,78,E,6,1732,0.3464203233256351
2012,78,G,1699,1732,98.094688221709
2012,78,R,26,1732,1.5011547344110854
2012,78,X,1,1732,0.057736720554272515
2012,79,D,24,1732,1.3856812933025404
2012,79,I,2,1732,0.11547344110854503
2012,79,K,16,1732,0.9237875288683602
2012,79,N,1656,1732,95.61200923787528
2012,79,S,33,1732,1.905311778290993
2012,79,X,1,1732,0.057736720554272515
2012,94,A,1,1732,0.057736720554272515
2012,94,D,2,1732,0.11547344110854503
2012,94,G,1725,1732,99.5958429561201
2012,94,S,4,1732,0.23094688221709006
2012,95,F,1694,1732,97.80600461893765
2012,95,I,2,1732,0.11547344110854503
2012,95,L,35,1732,2.020785219399538
2012,95,X,1,1732,0.057736720554272515
2012,98,E,1,1732,0.057736720554272515
2012,98,K,1705,1732,98.44110854503464
2012,98,N,1,1732,0.057736720554272515
2012,98,R,25,1732,1.443418013856813
2012,106,R,1732,1732,100.0
2012,108,K,34,1732,1.9630484988452657
2012,108,R,1698,1732,98.03695150115473
2012,289,L,2,1732,0.11547344110854503
2012,289,P,1719,1732,99.24942263279446
2012,289,S,10,1732,0.5773672055427251
2012,289,T,1,1732,0.057736720554272515
2012,290,I,1732,1732,100.0
2012,291,C,1,1732,0.057736720554272515
2012,291,D,1,1732,0.057736720554272515
2012,291,G,1729,1732,99.82678983833718
2012,291,S,1,1732,0.057736720554272515
2012,292,D,1,1732,0.057736720554272515
2012,292,E,1721,1732,99.364896073903
2012,292,K,10,1732,0.5773672055427251
2012,293,C,1732,1732,100.0
2012,294,E,3,1732,0.17321016166281755
2012,294,K,1725,1732,99.5958429561201
2012,294,R,4,1732,0.23094688221709006
2013,66,E,104,1815,5.7300275482093666
2013,66,G,35,1815,1.9283746556473829
2013,66,K,1676,1815,92.34159779614325
2013,69,D,135,1815,7.43801652892562
2013,69,K,2,1815,0.11019283746556473
2013,69,N,1672,1815,92.12121212121212
2013,69,S,5,1815,0.27548209366391185
2013,69,Y,1,1815,0.055096418732782364
2013,70,N,3,1815,0.1652892561983471
2013,70,R,19,1815,1.046831955922865
2013,70,S,1793,1815,98.7878787878788
2013,71,H,1,1815,0.055096418732782364
2013,71,P,1813,1815,99.88980716253444
2013,71,S,1,1815,0.055096418732782364
2013,73,H,1,1815,0.055096418732782364
2013,73,Q,1813,1815,99.88980716253444
2013,73,X,1,1815,0.055096418732782364
2013,74,I,1814,1815,99.94490358126723
2013,74,V,1,1815,0.055096418732782364
2013,75,I,2,1815,0.11019283746556473
2013,75,L,1813,1815,99.88980716253444
2013,76,B,1,1815,0.055096418732782364
2013,76,D,1813,1815,99.88980716253444
2013,76,N,1,1815,0.055096418732782364
2013,78,E,142,1815,7.823691460055096
2013,78,G,1636,1815,90.13774104683195
2013,78,R,37,1815,2.0385674931129474
2013,79,D,24,1815,1.322314049586777
2013,79,I,1,1815,0.055096418732782364
2013,79,K,10,1815,0.5509641873278237
2013,79,N,1741,1815,95.9228650137741
2013,79,S,39,1815,2.1487603305785123
2013,94,A,1,1815,0.055096418732782364
2013,94,D,6,1815,0.3305785123966942
2013,94,G,1803,1815,99.3388429752066
2013,94,S,4,1815,0.22038567493112945
2013,94,T,1,1815,0.055096418732782364
2013,95,F,1784,1815,98.29201101928375
2013,95,I,1,1815,0.055096418732782364
2013,95,L,29,1815,1.5977961432506886
2013,95,S,1,1815,0.055096418732782364
2013,98,E,3,1815,0.1652892561983471
2013,98,K,1785,1815,98.34710743801654
2013,98,N,3,1815,0.1652892561983471
2013,98,R,24,1815,1.322314049586777
2013,106,R,1815,1815,100.0
2013,108,K,163,1815,8.980716253443525
2013,108,Q,1,1815,0.055096418732782364
2013,108,R,1651,1815,90.96418732782368
2013,289,P,1813,1815,99.88980716253444
2013,289,S,2,1815,0.11019283746556473
2013,290,I,1814,1815,99.94490358126723
2013,290,T,1,1815,0.055096418732782364
2013,291,A,1,1815,0.055096418732782364
2013,291,D,3,1815,0.1652892561983471
2013,291,G,1807,1815,99.55922865013774
2013,291,S,4,1815,0.22038567493112945
2013,292,D,1,1815,0.055096418732782364
2013,292,E,1668,1815,91.90082644628099
2013,292,K,146,1815,8.044077134986226
2013,293,C,1815,1815,100.0
2013,294,E,2,1815,0.11019283746556473
2013,294,K,1668,1815,91.90082644628099
2013,294,N,139,1815,7.65840220385675
2013,294,R,6,1815,0.3305785123966942
2014,66,E,32,2091,1.5303682448589193
2014,66,G,36,2091,1.721664275466284
2014,66,K,2023,2091,96.7479674796748
2014,69,D,68,2091,3.2520325203252036
2014,69,G,1,2091,0.04782400765184123
2014,69,N,2017,2091,96.46102343376374
2014,69,S,4,2091,0.19129603060736491
2014,69,X,1,2091,0.04782400765184123
2014,70,G,1,2091,0.04782400765184123
2014,70,N,4,2091,0.19129603060736491
2014,70,R,12,2091,0.5738880918220948
2014,70,S,2074,2091,99.1869918699187
2014,71,P,2091,2091,100.0
2014,73,H,3,2091,0.1434720229555237
2014,73,Q,2087,2091,99.80870396939264
2014,73,R,1,2091,0.04782400765184123
2014,74,I,2091,2091,100.0
2014,75,I,1,2091,0.04782400765184123
2014,75,L,2090,2091,99.95217599234816
2014,76,D,2087,2091,99.80870396939264
2014,76,N,4,2091,0.19129603060736491
2014,78,E,69,2091,3.2998565279770444
2014,78,G,1960,2091,93.7350549976088
2014,78,K,3,2091,0.1434720229555237
2014,78,R,58,2091,2.7737924438067907
2014,78,V,1,2091,0.04782400765184123
2014,79,D,31,2091,1.482544237207078
2014,79,K,12,2091,0.5738880918220948
2014,79,N,1994,2091,95.3610712577714
2014,79,S,54,2091,2.582496413199426
2014,94,D,1,2091,0.04782400765184123
2014,94,G,2085,2091,99.71305595408894
2014,94,S,4,2091,0.19129603060736491
2014,94,T,1,2091,0.04782400765184123
2014,95,F,2047,2091,97.895743663319
2014,95,I,3,2091,0.1434720229555237
2014,95,L,39,2091,1.8651362984218076
2014,95,V,1,2091,0.04782400765184123
2014,95,X,1,2091,0.04782400765184123
2014,98,K,2048,2091,97.94356767097084
2014,98,R,42,2091,2.008608321377331
2014,98,X,1,2091,0.04782400765184123
2014,106,R,2091,2091,100.0
2014,108,I,1,2091,0.04782400765184123
2014,108,K,105,2091,5.0215208034433285
2014,108,R,1985,2091,94.93065518890484
2014,289,P,2079,2091,99.4261119081779
2014,289,S,10,2091,0.47824007651841227
2014,289,T,2,2091,0.09564801530368246
2014,290,I,2090,2091,99.95217599234816
2014,290,L,1,2091,0.04782400765184123
2014,291,D,2,2091,0.09564801530368246
2014,291,G,2087,2091,99.80870396939264
2014,291,S,2,2091,0.09564801530368246
2014,292,E,2012,2091,96.22190339550454
2014,292,G,2,2091,0.09564801530368246
2014,292,K,76,2091,3.634624581539933
2014,292,V,1,2091,0.04782400765184123
2014,293,C,2091,2091,100.0
2014,294,D,2,2091,0.09564801530368246
2014,294,E,2,2091,0.09564801530368246
2014,294,K,2011,2091,96.1740793878527
2014,294,N,66,2091,3.1563845050215207
2014,294,R,7,2091,0.3347680535628886
2014,294,T,1,2091,0.04782400765184123
2014,294,X,2,2091,0.09564801530368246
2015,66,E,100,2898,3.450655624568668
2015,66,G,222,2898,7.6604554865424435
2015,66,K,2573,2898,88.78536922015184
2015,66,N,1,2898,0.03450655624568668
2015,66,R,2,2898,0.06901311249137336
2015,69,D,322,2898,11.11111111111111
2015,69,K,3,2898,0.10351966873706005
2015,69,N,2557,2898,88.23326432022084
2015,69,S,15,2898,0.5175983436853002
2015,69,Y,1,2898,0.03450655624568668
2015,70,G,4,2898,0.13802622498274672
2015,70,N,15,2898,0.5175983436853002
2015,70,R,61,2898,2.1048999309868877
2015,70,S,2818,2898,97.23947550034507
2015,71,P,2898,2898,100.0
2015,73,H,1,2898,0.03450655624568668
2015,73,K,2,2898,0.06901311249137336
2015,73,Q,2895,2898,99.89648033126294
2015,74,I,2890,2898,99.72394755003451
2015,74,T,1,2898,0.03450655624568668
2015,74,V,7,2898,0.24154589371980675
2015,75,I,1,2898,0.03450655624568668
2015,75,L,2897,2898,99.96549344375431
2015,76,D,2898,2898,100.0
2015,78,E,329,2898,11.352657004830919
2015,78,G,2536,2898,87.50862663906143
2015,78,K,3,2898,0.10351966873706005
2015,78,R,30,2898,1.0351966873706004
2015,79,D,62,2898,2.139406487232574
2015,79,K,17,2898,0.5866114561766735
2015,79,N,2740,2898,94.54796411318151
2015,79,S,78,2898,2.691511387163561
2015,79,Y,1,2898,0.03450655624568668
2015,94,D,5,2898,0.1725327812284334
2015,94,G,2871,2898,99.06832298136646
2015,94,S,20,2898,0.6901311249137336
2015,94,X,2,2898,0.06901311249137336
2015,95,F,2825,2898,97.48102139406487
2015,95,I,1,2898,0.03450655624568668
2015,95,L,64,2898,2.2084195997239475
2015,95,V,8,2898,0.27605244996549344
2015,98,K,2850,2898,98.34368530020704
2015,98,R,47,2898,1.621808143547274
2015,98,X,1,2898,0.03450655624568668
2015,106,R,2898,2898,100.0
2015,108,K,407,2898,14.04416839199448
2015,108,N,2,2898,0.06901311249137336
2015,108,R,2488,2898,85.85231193926846
2015,108,S,1,2898,0.03450655624568668
2015,289,L,1,2898,0.03450655624568668
2015,289,P,2892,2898,99.79296066252587
2015,289,S,5,2898,0.1725327812284334
2015,290,I,2897,2898,99.96549344375431
2015,290,L,1,2898,0.03450655624568668
2015,291,D,19,2898,0.6556245686680469
2015,291,G,2873,2898,99.13733609385783
2015,291,S,5,2898,0.1725327812284334
2015,291,X,1,2898,0.03450655624568668
2015,292,E,2537,2898,87.5431331953071
2015,292,K,361,2898,12.456866804692892
2015,293,C,2898,2898,100.0
2015,294,E,1,2898,0.03450655624568668
2015,294,K,2559,2898,88.30227743271222
2015,294,N,324,2898,11.180124223602485
2015,294,R,14,2898,0.4830917874396135
2016,66,E,33,2990,1.1036789297658862
2016,66,G,148,2990,4.949832775919733
2016,66,K,2809,2990,93.94648829431438
2016,69,D,154,2990,5.150501672240803
2016,69,G,1,2990,0.033444816053511704
2016,69,K,2,2990,0.06688963210702341
2016,69,N,2832,2990,94.71571906354515
2016,69,S,1,2990,0.033444816053511704
2016,70,M,1,2990,0.033444816053511704
2016,70,N,5,2990,0.16722408026755853
2016,70,R,34,2990,1.1371237458193981
2016,70,S,2950,2990,98.66220735785953
2016,71,H,1,2990,0.033444816053511704
2016,71,P,2984,2990,99.79933110367894
2016,71,S,5,2990,0.16722408026755853
2016,73,H,6,2990,0.2006688963210702
2016,73,Q,2983,2990,99.76588628762542
2016,73,R,1,2990,0.033444816053511704
2016,74,I,2982,2990,99.7324414715719
2016,74,T,4,2990,0.13377926421404682
2016,74,V,4,2990,0.13377926421404682
2016,75,I,1,2990,0.033444816053511704
2016,75,L,2989,2990,99.9665551839465
2016,76,D,2989,2990,99.9665551839465
2016,76,N,1,2990,0.033444816053511704
2016,78,E,153,2990,5.117056856187291
2016,78,G,2832,2990,94.71571906354515
2016,78,K,4,2990,0.13377926421404682
2016,78,R,1,2990,0.033444816053511704
2016,79,D,30,2990,1.0033444816053512
2016,79,K,10,2990,0.33444816053511706
2016,79,N,2923,2990,97.75919732441471
2016,79,S,25,2990,0.8361204013377926
2016,79,Y,2,2990,0.06688963210702341
2016,94,D,24,2990,0.8026755852842808
2016,94,G,2961,2990,99.03010033444815
2016,94,S,5,2990,0.16722408026755853
2016,95,F,2810,2990,93.9799331103679
2016,95,L,180,2990,6.0200668896321075
2016,98,E,1,2990,0.033444816053511704
2016,98,K,2983,2990,99.76588628762542
2016,98,N,1,2990,0.033444816053511704
2016,98,R,4,2990,0.13377926421404682
2016,98,T,1,2990,0.033444816053511704
2016,106,R,2989,2990,99.9665551839465
2016,106,X,1,2990,0.033444816053511704
2016,108,G,10,2990,0.33444816053511706
2016,108,K,170,2990,5.68561872909699
2016,108,R,2808,2990,93.91304347826087
2016,108,W,2,2990,0.06688963210702341
2016,289,A,1,2990,0.033444816053511704
2016,289,L,1,2990,0.033444816053511704
2016,289,P,2977,2990,99.56521739130434
2016,289,S,9,2990,0.3010033444816053
2016,289,T,1,2990,0.033444816053511704
2016,289,X,1,2990,0.033444816053511704
2016,290,I,2988,2990,99.93311036789298
2016,290,M,1,2990,0.033444816053511704
2016,290,V,1,2990,0.033444816053511704
2016,291,G,2987,2990,99.89966555183946
2016,291,S,2,2990,0.06688963210702341
2016,291,V,1,2990,0.033444816053511704
2016,292,E,2721,2990,91.00334448160535
2016,292,G,1,2990,0.033444816053511704
2016,292,K,263,2990,8.79598662207358
2016,292,R,3,2990,0.1003344481605351
2016,292,X,2,2990,0.06688963210702341
2016,293,C,2990,2990,100.0
2016,294,E,3,2990,0.1003344481605351
2016,294,K,2831,2990,94.68227424749163
2016,294,N,153,2990,5.117056856187291
2016,294,R,3,2990,0.1003344481605351
2017,66,E,824,6487,12.702327732387852
2017,66,G,359,6487,5.5341452135039315
2017,66,I,23,6487,0.35455526437490364
2017,66,K,5278,6487,81.3627254509018
2017,66,P,1,6487,0.015415446277169726
2017,66,R,2,6487,0.03083089255433945
2017,69,A,2,6487,0.03083089255433945
2017,69,D,2176,6487,33.54401109912132
2017,69,G,689,6487,10.62124248496994
2017,69,L,1,6487,0.015415446277169726
2017,69,N,3614,6487,55.71142284569138
2017,69,S,4,6487,0.0616617851086789
2017,69,X,1,6487,0.015415446277169726
2017,70,G,7,6487,0.10790812394018806
2017,70,N,12,6487,0.1849853553260367
2017,70,R,2,6487,0.03083089255433945
2017,70,S,6466,6487,99.67627562817944
2017,71,P,6484,6487,99.95375366116849
2017,71,Q,1,6487,0.015415446277169726
2017,71,T,2,6487,0.03083089255433945
2017,73,H,9,6487,0.13873901649452752
2017,73,N,1,6487,0.015415446277169726
2017,73,Q,6475,6487,99.81501464467397
2017,73,R,2,6487,0.03083089255433945
2017,74,I,6453,6487,99.47587482657623
2017,74,T,3,6487,0.04624633883150917
2017,74,V,31,6487,0.47787883459226144
2017,75,A,1,6487,0.015415446277169726
2017,75,I,14,6487,0.21581624788037612
2017,75,L,6472,6487,99.76876830584246
2017,76,D,6485,6487,99.96916910744567
2017,76,G,2,6487,0.03083089255433945
2017,78,E,369,6487,5.688299676275628
2017,78,G,6114,6487,94.25003853861568
2017,78,I,1,6487,0.015415446277169726
2017,78,R,3,6487,0.04624633883150917
2017,79,D,48,6487,0.7399414213041468
2017,79,K,11,6487,0.16956990904886696
2017,79,L,1,6487,0.015415446277169726
2017,79,N,6405,6487,98.73593340527208
2017,79,S,17,6487,0.2620625867118853
2017,79,X,1,6487,0.015415446277169726
2017,79,Y,4,6487,0.0616617851086789
2017,94,D,12,6487,0.1849853553260367
2017,94,E,1,6487,0.015415446277169726
2017,94,G,6452,6487,99.46045938029906
2017,94,N,1,6487,0.015415446277169726
2017,94,S,21,6487,0.3237243718205642
2017,95,F,4500,6487,69.36950824726375
2017,95,I,50,6487,0.7707723138584862
2017,95,L,148,6487,2.281486049021119
2017,95,V,1787,6487,27.547402497302297
2017,95,X,1,6487,0.015415446277169726
2017,95,Y,1,6487,0.015415446277169726
2017,98,E,21,6487,0.3237243718205642
2017,98,K,6463,6487,99.63002928934792
2017,98,N,1,6487,0.015415446277169726
2017,98,R,2,6487,0.03083089255433945
2017,106,R,6486,6487,99.98458455372284
2017,106,T,1,6487,0.015415446277169726
2017,108,E,1,6487,0.015415446277169726
2017,108,G,12,6487,0.1849853553260367
2017,108,K,394,6487,6.0736858332048715
2017,108,R,6072,6487,93.60258979497456
2017,108,S,6,6487,0.09249267766301834
2017,108,X,1,6487,0.015415446277169726
2017,108,Y,1,6487,0.015415446277169726
2017,289,H,4,6487,0.0616617851086789
2017,289,L,6,6487,0.09249267766301834
2017,289,P,6463,6487,99.63002928934792
2017,289,S,9,6487,0.13873901649452752
2017,289,T,3,6487,0.04624633883150917
2017,289,V,1,6487,0.015415446277169726
2017,289,X,1,6487,0.015415446277169726
2017,290,H,1,6487,0.015415446277169726
2017,290,I,6483,6487,99.93833821489132
2017,290,V,2,6487,0.03083089255433945
2017,290,X,1,6487,0.015415446277169726
2017,291,D,20,6487,0.30830892554339445
2017,291,G,6459,6487,99.56836750423925
2017,291,V,7,6487,0.10790812394018806
2017,291,X,1,6487,0.015415446277169726
2017,292,C,1,6487,0.015415446277169726
2017,292,E,2585,6487,39.84892862648374
2017,292,K,3193,6487,49.22151996300293
2017,292,Q,4,6487,0.0616617851086789
2017,292,R,702,6487,10.821643286573146
2017,292,X,2,6487,0.03083089255433945
2017,293,C,6485,6487,99.96916910744567
2017,293,N,1,6487,0.015415446277169726
2017,293,X,1,6487,0.015415446277169726
2017,294,A,1,6487,0.015415446277169726
2017,294,E,6,6487,0.09249267766301834
2017,294,K,6113,6487,94.23462309233852
2017,294,N,360,6487,5.5495606597811005
2017,294,R,2,6487,0.03083089255433945
2017,294,S,2,6487,0.03083089255433945
2017,294,X,3,6487,0.04624633883150917
2018,66,E,1349,3477,38.79781420765027
2018,66,G,89,3477,2.5596778832326716
2018,66,I,32,3477,0.9203336209375899
2018,66,K,2005,3477,57.664653436870864
2018,66,Q,1,3477,0.028760425654299683
2018,66,R,1,3477,0.028760425654299683
2018,69,D,1915,3477,55.07621512798389
2018,69,G,692,3477,19.902214552775384
2018,69,N,862,3477,24.791486914006327
2018,69,S,6,3477,0.1725625539257981
2018,69,X,1,3477,0.028760425654299683
2018,69,Y,1,3477,0.028760425654299683
2018,70,N,26,3477,0.7477710670117919
2018,70,R,4,3477,0.11504170261719873
2018,70,S,3446,3477,99.10842680471671
2018,70,X,1,3477,0.028760425654299683
2018,71,H,2,3477,0.057520851308599366
2018,71,P,3475,3477,99.9424791486914
2018,73,H,1,3477,0.028760425654299683
2018,73,K,1,3477,0.028760425654299683
2018,73,L,3,3477,0.08628127696289906
2018,73,Q,3469,3477,99.7699165947656
2018,73,R,3,3477,0.08628127696289906
2018,74,I,3471,3477,99.8274374460742
2018,74,T,2,3477,0.057520851308599366
2018,74,V,4,3477,0.11504170261719873
2018,75,I,3,3477,0.08628127696289906
2018,75,L,3474,3477,99.9137187230371
2018,76,D,3477,3477,100.0
2018,78,E,125,3477,3.59505320678746
2018,78,G,3347,3477,96.26114466494104
2018,78,K,1,3477,0.028760425654299683
2018,78,R,4,3477,0.11504170261719873
2018,79,D,8,3477,0.23008340523439746
2018,79,K,10,3477,0.2876042565429969
2018,79,N,3459,3477,99.4823123382226
2018,94,D,11,3477,0.3163646821972965
2018,94,G,3435,3477,98.79206212251941
2018,94,S,30,3477,0.8628127696289906
2018,94,X,1,3477,0.028760425654299683
2018,95,F,1809,3477,52.02761000862812
2018,95,I,34,3477,0.9778544722461893
2018,95,L,18,3477,0.5176876617773942
2018,95,V,1615,3477,46.44808743169399
2018,95,X,1,3477,0.028760425654299683
2018,98,K,3475,3477,99.9424791486914
2018,98,N,1,3477,0.028760425654299683
2018,98,R,1,3477,0.028760425654299683
2018,106,R,3477,3477,100.0
2018,108,G,5,3477,0.14380212827149844
2018,108,K,109,3477,3.1348863963186653
2018,108,N,1,3477,0.028760425654299683
2018,108,R,3361,3477,96.66379062410122
2018,108,X,1,3477,0.028760425654299683
2018,289,L,2,3477,0.057520851308599366
2018,289,P,3475,3477,99.9424791486914
2018,290,I,3477,3477,100.0
2018,291,D,26,3477,0.7477710670117919
2018,291,G,3449,3477,99.19470808167961
2018,291,S,2,3477,0.057520851308599366
2018,292,E,186,3477,5.349439171699741
2018,292,K,2557,3477,73.54040839804429
2018,292,N,2,3477,0.057520851308599366
2018,292,Q,13,3477,0.37388553350589593
2018,292,R,717,3477,20.621225194132872
2018,292,X,2,3477,0.057520851308599366
2018,293,C,3477,3477,100.0
2018,294,E,2,3477,0.057520851308599366
2018,294,K,3377,3477,97.12395743457003
2018,294,N,92,3477,2.645959160195571
2018,294,R,5,3477,0.14380212827149844
2018,294,Y,1,3477,0.028760425654299683
2019,66,A,2,5612,0.03563791874554526
2019,66,E,4714,5612,83.99857448325018
2019,66,G,265,5612,4.7220242337847464
2019,66,K,609,5612,10.851746258018531
2019,66,R,7,5612,0.12473271560940842
2019,66,V,12,5612,0.21382751247327159
2019,66,X,3,5612,0.053456878118317896
2019,69,D,881,5612,15.698503207412687
2019,69,E,1,5612,0.01781895937277263
2019,69,G,3679,5612,65.5559515324305
2019,69,N,1004,5612,17.89023521026372
2019,69,S,45,5612,0.8018531717747683
2019,69,X,2,5612,0.03563791874554526
2019,70,G,1,5612,0.01781895937277263
2019,70,N,7,5612,0.12473271560940842
2019,70,R,1,5612,0.01781895937277263
2019,70,S,5601,5612,99.8039914468995
2019,70,X,2,5612,0.03563791874554526
2019,71,P,5609,5612,99.94654312188167
2019,71,S,3,5612,0.053456878118317896
2019,73,K,5,5612,0.08909479686386315
2019,73,L,2,5612,0.03563791874554526
2019,73,Q,5595,5612,99.69707769066287
2019,73,R,10,5612,0.1781895937277263
2019,74,I,5601,5612,99.8039914468995
2019,74,V,11,5612,0.19600855310049894
2019,75,I,2,5612,0.03563791874554526
2019,75,L,5610,5612,99.96436208125445
2019,76,D,5612,5612,100.0
2019,78,E,546,5612,9.729151817533856
2019,78,G,5065,5612,90.25302922309338
2019,78,R,1,5612,0.01781895937277263
2019,79,D,4,5612,0.07127583749109052
2019,79,K,1,5612,0.01781895937277263
2019,79,N,5607,5612,99.91090520313614
2019,94,D,15,5612,0.2672843905915895
2019,94,G,5574,5612,99.32287954383465
2019,94,S,23,5612,0.4098360655737705
2019,95,F,5079,5612,90.50249465431219
2019,95,I,3,5612,0.053456878118317896
2019,95,L,31,5612,0.5523877405559515
2019,95,V,496,5612,8.838203848895224
2019,95,X,3,5612,0.053456878118317896
2019,98,K,5609,5612,99.94654312188167
2019,98,N,2,5612,0.03563791874554526
2019,98,R,1,5612,0.01781895937277263
2019,106,R,5611,5612,99.98218104062722
2019,106,X,1,5612,0.01781895937277263
2019,108,G,5,5612,0.08909479686386315
2019,108,K,289,5612,5.14967925873129
2019,108,R,5318,5612,94.76122594440484
2019,289,L,19,5612,0.33856022808268
2019,289,P,5593,5612,99.66143977191732
2019,290,I,5611,5612,99.98218104062722
2019,290,M,1,5612,0.01781895937277263
2019,291,D,18,5612,0.3207412687099074
2019,291,G,5591,5612,99.62580185317177
2019,291,S,3,5612,0.053456878118317896
2019,292,E,31,5612,0.5523877405559515
2019,292,K,1890,5612,33.67783321454027
2019,292,N,2,5612,0.03563791874554526
2019,292,R,3684,5612,65.64504632929436
2019,292,X,5,5612,0.08909479686386315
2019,293,C,5611,5612,99.98218104062722
2019,293,X,1,5612,0.01781895937277263
2019,294,E,7,5612,0.12473271560940842
2019,294,K,5319,5612,94.77904490377762
2019,294,N,283,5612,5.042765502494654
2019,294,R,1,5612,0.01781895937277263
2019,294,T,2,5612,0.03563791874554526
2020,66,E,442,452,97.78761061946902
2020,66,K,9,452,1.991150442477876
2020,66,R,1,452,0.22123893805309736
2020,69,D,22,452,4.867256637168142
2020,69,G,389,452,86.06194690265487
2020,69,N,41,452,9.070796460176991
2020,70,S,452,452,100.0
2020,71,P,452,452,100.0
2020,73,Q,451,452,99.77876106194691
2020,73,R,1,452,0.22123893805309736
2020,74,I,450,452,99.5575221238938
2020,74,V,2,452,0.4424778761061947
2020,75,L,452,452,100.0
2020,76,D,452,452,100.0
2020,78,E,1,452,0.22123893805309736
2020,78,G,451,452,99.77876106194691
2020,79,N,452,452,100.0
2020,94,D,1,452,0.22123893805309736
2020,94,G,451,452,99.77876106194691
2020,95,F,450,452,99.5575221238938
2020,95,L,2,452,0.4424778761061947
2020,98,K,452,452,100.0
2020,106,R,452,452,100.0
2020,108,K,1,452,0.22123893805309736
2020,108,R,451,452,99.77876106194691
2020,289,P,452,452,100.0
2020,290,I,452,452,100.0
2020,291,G,452,452,100.0
2020,292,K,66,452,14.601769911504425
2020,292,R,386,452,85.39823008849558
2020,293,C,452,452,100.0
2020,294,E,1,452,0.22123893805309736
2020,294,K,450,452,99.5575221238938
2020,294,N,1,452,0.22123893805309736
2021,66,E,2168,2434,89.07148726376334
2021,66,G,2,2434,0.08216926869350863
2021,66,K,262,2434,10.76417419884963
2021,66,R,1,2434,0.041084634346754315
2021,66,X,1,2434,0.041084634346754315
2021,69,D,671,2434,27.567789646672146
2021,69,E,3,2434,0.12325390304026293
2021,69,G,1613,2434,66.2695152013147
2021,69,N,145,2434,5.957271980279375
2021,69,S,2,2434,0.08216926869350863
2021,70,N,2,2434,0.08216926869350863
2021,70,S,2432,2434,99.9178307313065
2021,71,P,2432,2434,99.9178307313065
2021,71,T,2,2434,0.08216926869350863
2021,73,K,2,2434,0.08216926869350863
2021,73,Q,2429,2434,99.79457682826623
2021,73,R,3,2434,0.12325390304026293
2021,74,I,2433,2434,99.95891536565324
2021,74,V,1,2434,0.041084634346754315
2021,75,L,2434,2434,100.0
2021,76,D,2434,2434,100.0
2021,78,E,61,2434,2.506162695152013
2021,78,G,2354,2434,96.71322925225965
2021,78,I,1,2434,0.041084634346754315
2021,78,K,1,2434,0.041084634346754315
2021,78,R,16,2434,0.657354149548069
2021,78,X,1,2434,0.041084634346754315
2021,79,D,22,2434,0.903861955628595
2021,79,N,2412,2434,99.0961380443714
2021,94,D,2,2434,0.08216926869350863
2021,94,E,1,2434,0.041084634346754315
2021,94,G,2416,2434,99.26047658175843
2021,94,S,13,2434,0.5341002465078061
2021,94,V,1,2434,0.041084634346754315
2021,94,X,1,2434,0.041084634346754315
2021,95,F,2430,2434,99.83566146261298
2021,95,L,4,2434,0.16433853738701726
2021,98,E,1,2434,0.041084634346754315
2021,98,K,2397,2434,98.47986852917009
2021,98,R,36,2434,1.4790468364831553
2021,106,R,2434,2434,100.0
2021,108,I,1,2434,0.041084634346754315
2021,108,K,62,2434,2.5472473294987674
2021,108,N,1,2434,0.041084634346754315
2021,108,R,2370,2434,97.37058340180772
2021,289,P,2434,2434,100.0
2021,290,I,2431,2434,99.87674609695974
2021,290,V,3,2434,0.12325390304026293
2021,291,D,3,2434,0.12325390304026293
2021,291,G,2430,2434,99.83566146261298
2021,291,S,1,2434,0.041084634346754315
2021,292,E,7,2434,0.2875924404272802
2021,292,K,824,2434,33.853738701725554
2021,292,N,1,2434,0.041084634346754315
2021,292,R,1601,2434,65.77649958915366
2021,292,T,1,2434,0.041084634346754315
2021,293,C,2434,2434,100.0
2021,294,I,1,2434,0.041084634346754315
2021,294,K,2428,2434,99.75349219391948
2021,294,N,3,2434,0.12325390304026293
2021,294,R,2,2434,0.08216926869350863
2022,66,D,2,10120,0.019762845849802372
2022,66,E,8472,10120,83.71541501976284
2022,66,G,195,10120,1.9268774703557312
2022,66,I,2,10120,0.019762845849802372
2022,66,K,299,10120,2.9545454545454546
2022,66,P,2,10120,0.019762845849802372
2022,66,R,1147,10120,11.33399209486166
2022,66,X,1,10120,0.009881422924901186
2022,69,B,3,10120,0.02964426877470356
2022,69,D,9715,10120,95.99802371541502
2022,69,E,3,10120,0.02964426877470356
2022,69,G,16,10120,0.15810276679841898
2022,69,L,2,10120,0.019762845849802372
2022,69,N,375,10120,3.705533596837945
2022,69,X,2,10120,0.019762845849802372
2022,69,Y,4,10120,0.039525691699604744
2022,70,G,13,10120,0.12845849802371542
2022,70,I,3,10120,0.02964426877470356
2022,70,N,11,10120,0.10869565217391304
2022,70,R,3,10120,0.02964426877470356
2022,70,S,10089,10120,99.69367588932806
2022,70,X,1,10120,0.009881422924901186
2022,71,H,2,10120,0.019762845849802372
2022,71,K,2,10120,0.019762845849802372
2022,71,P,10112,10120,99.9209486166008
2022,71,S,1,10120,0.009881422924901186
2022,71,T,2,10120,0.019762845849802372
2022,71,X,1,10120,0.009881422924901186
2022,73,H,4,10120,0.039525691699604744
2022,73,K,6,10120,0.05928853754940712
2022,73,L,8,10120,0.07905138339920949
2022,73,N,2,10120,0.019762845849802372
2022,73,Q,9479,10120,93.66600790513834
2022,73,R,619,10120,6.116600790513834
2022,73,X,2,10120,0.019762845849802372
2022,74,I,10060,10120,99.40711462450594
2022,74,T,3,10120,0.02964426877470356
2022,74,V,56,10120,0.5533596837944664
2022,74,X,1,10120,0.009881422924901186
2022,75,A,2,10120,0.019762845849802372
2022,75,I,7,10120,0.0691699604743083
2022,75,L,10110,10120,99.90118577075098
2022,75,X,1,10120,0.009881422924901186
2022,76,B,1,10120,0.009881422924901186
2022,76,D,10115,10120,99.95059288537549
2022,76,G,2,10120,0.019762845849802372
2022,76,N,1,10120,0.009881422924901186
2022,76,X,1,10120,0.009881422924901186
2022,78,E,6730,10120,66.50197628458498
2022,78,G,2776,10120,27.430830039525695
2022,78,I,2,10120,0.019762845849802372
2022,78,K,600,10120,5.928853754940711
2022,78,N,1,10120,0.009881422924901186
2022,78,R,10,10120,0.09881422924901186
2022,78,X,1,10120,0.009881422924901186
2022,79,D,2,10120,0.019762845849802372
2022,79,L,2,10120,0.019762845849802372
2022,79,N,10111,10120,99.91106719367589
2022,79,S,1,10120,0.009881422924901186
2022,79,X,3,10120,0.02964426877470356
2022,79,Y,1,10120,0.009881422924901186
2022,94,D,52,10120,0.5138339920948617
2022,94,G,10026,10120,99.0711462450593
2022,94,S,41,10120,0.4051383399209486
2022,94,X,1,10120,0.009881422924901186
2022,95,F,10033,10120,99.1403162055336
2022,95,I,1,10120,0.009881422924901186
2022,95,L,70,10120,0.691699604743083
2022,95,V,8,10120,0.07905138339920949
2022,95,X,4,10120,0.039525691699604744
2022,95,Y,4,10120,0.039525691699604744
2022,98,E,29,10120,0.2865612648221344
2022,98,K,9194,10120,90.8498023715415
2022,98,N,2,10120,0.019762845849802372
2022,98,R,891,10120,8.804347826086957
2022,98,W,2,10120,0.019762845849802372
2022,98,X,2,10120,0.019762845849802372
2022,106,R,10115,10120,99.95059288537549
2022,106,T,2,10120,0.019762845849802372
2022,106,X,3,10120,0.02964426877470356
2022,108,E,1,10120,0.009881422924901186
2022,108,K,6872,10120,67.90513833992094
2022,108,N,4,10120,0.039525691699604744
2022,108,Q,2,10120,0.019762845849802372
2022,108,R,3037,10120,30.0098814229249
2022,108,T,191,10120,1.8873517786561262
2022,108,X,11,10120,0.10869565217391304
2022,108,Y,2,10120,0.019762845849802372
2022,289,H,1,10120,0.009881422924901186
2022,289,L,9,10120,0.08893280632411067
2022,289,P,9985,10120,98.66600790513834
2022,289,S,119,10120,1.175889328063241
2022,289,T,3,10120,0.02964426877470356
2022,289,V,2,10120,0.019762845849802372
2022,289,X,1,10120,0.009881422924901186
2022,290,H,2,10120,0.019762845849802372
2022,290,I,10113,10120,99.93083003952569
2022,290,V,4,10120,0.039525691699604744
2022,290,X,1,10120,0.009881422924901186
2022,291,D,113,10120,1.116600790513834
2022,291,G,9995,10120,98.76482213438736
2022,291,S,9,10120,0.08893280632411067
2022,291,X,2,10120,0.019762845849802372
2022,291,Y,1,10120,0.009881422924901186
2022,292,C,2,10120,0.019762845849802372
2022,292,E,169,10120,1.6699604743083005
2022,292,I,1,10120,0.009881422924901186
2022,292,K,9386,10120,92.74703557312253
2022,292,M,2,10120,0.019762845849802372
2022,292,N,394,10120,3.893280632411067
2022,292,R,17,10120,0.16798418972332016
2022,292,S,1,10120,0.009881422924901186
2022,292,T,138,10120,1.3636363636363635
2022,292,X,10,10120,0.09881422924901186
2022,293,C,10116,10120,99.96047430830039
2022,293,N,2,10120,0.019762845849802372
2022,293,X,2,10120,0.019762845849802372
2022,294,E,3,10120,0.02964426877470356
2022,294,K,8741,10120,86.37351778656127
2022,294,M,1,10120,0.009881422924901186
2022,294,N,1031,10120,10.187747035573121
2022,294,R,2,10120,0.019762845849802372
2022,294,S,337,10120,3.3300395256916997
2022,294,T,2,10120,0.019762845849802372
2022,294,X,3,10120,0.02964426877470356
2023,66,E,2612,2643,98.82709042754446
2023,66,G,1,2643,0.037835792659856225
2023,66,K,23,2643,0.8702232311766931
2023,66,R,7,2643,0.2648505486189936
2023,69,D,2536,2643,95.95157018539538
2023,69,E,8,2643,0.3026863412788498
2023,69,G,1,2643,0.037835792659856225
2023,69,K,1,2643,0.037835792659856225
2023,69,N,96,2643,3.6322360953461974
2023,69,Y,1,2643,0.037835792659856225
2023,70,N,1,2643,0.037835792659856225
2023,70,R,5,2643,0.18917896329928113
2023,70,S,2636,2643,99.735149451381
2023,70,X,1,2643,0.037835792659856225
2023,71,P,2643,2643,100.0
2023,73,K,1,2643,0.037835792659856225
2023,73,Q,2634,2643,99.6594778660613
2023,73,R,8,2643,0.3026863412788498
2023,74,I,2612,2643,98.82709042754446
2023,74,L,1,2643,0.037835792659856225
2023,74,T,1,2643,0.037835792659856225
2023,74,V,29,2643,1.0972379871358307
2023,75,L,2643,2643,100.0
2023,76,D,2643,2643,100.0
2023,78,E,2364,2643,89.44381384790012
2023,78,G,260,2643,9.837306091562619
2023,78,K,18,2643,0.681044267877412
2023,78,R,1,2643,0.037835792659856225
2023,79,N,2642,2643,99.96216420734014
2023,79,Y,1,2643,0.037835792659856225
2023,94,D,109,2643,4.124101399924329
2023,94,G,2532,2643,95.80022701475596
2023,94,S,2,2643,0.07567158531971245
2023,95,F,2632,2643,99.58380628074158
2023,95,I,1,2643,0.037835792659856225
2023,95,L,8,2643,0.3026863412788498
2023,95,S,1,2643,0.037835792659856225
2023,95,V,1,2643,0.037835792659856225
2023,98,E,9,2643,0.340522133938706
2023,98,K,2634,2643,99.6594778660613
2023,106,R,2643,2643,100.0
2023,108,K,2087,2643,78.96329928111993
2023,108,R,556,2643,21.03670071888006
2023,289,A,1,2643,0.037835792659856225
2023,289,P,2640,2643,99.88649262202043
2023,289,S,2,2643,0.07567158531971245
2023,290,I,2643,2643,100.0
2023,291,D,2,2643,0.07567158531971245
2023,291,G,2640,2643,99.88649262202043
2023,291,S,1,2643,0.037835792659856225
2023,292,A,1,2643,0.037835792659856225
2023,292,E,18,2643,0.681044267877412
2023,292,K,2608,2643,98.67574725690503
2023,292,N,1,2643,0.037835792659856225
2023,292,R,8,2643,0.3026863412788498
2023,292,T,7,2643,0.2648505486189936
2023,293,C,2643,2643,100.0
2023,294,K,2635,2643,99.69731365872116
2023,294,N,1,2643,0.037835792659856225
2023,294,S,7,2643,0.2648505486189936
2024,66,E,8156,8331,97.89941183531388
2024,66,G,3,8331,0.036010082823190494
2024,66,K,102,8331,1.2243428159884768
2024,66,P,3,8331,0.036010082823190494
2024,66,R,61,8331,0.7322050174048734
2024,66,V,4,8331,0.04801344376425399
2024,66,X,2,8331,0.024006721882126995
2024,69,A,3,8331,0.036010082823190494
2024,69,D,7622,8331,91.48961709278598
2024,69,E,110,8331,1.3203697035169848
2024,69,G,3,8331,0.036010082823190494
2024,69,K,1,8331,0.012003360941063497
2024,69,L,3,8331,0.036010082823190494
2024,69,N,587,8331,7.045972872404273
2024,69,S,1,8331,0.012003360941063497
2024,69,Y,1,8331,0.012003360941063497
2024,70,G,4,8331,0.04801344376425399
2024,70,N,53,8331,0.6361781298763654
2024,70,R,8,8331,0.09602688752850798
2024,70,S,8266,8331,99.21978153883087
2024,71,K,3,8331,0.036010082823190494
2024,71,L,2,8331,0.024006721882126995
2024,71,P,8326,8331,99.93998319529467
2024,73,H,2,8331,0.024006721882126995
2024,73,K,10,8331,0.12003360941063498
2024,73,L,11,8331,0.13203697035169848
2024,73,N,3,8331,0.036010082823190494
2024,73,Q,8211,8331,98.55959668707239
2024,73,R,93,8331,1.1163125675189054
2024,73,X,1,8331,0.012003360941063497
2024,74,I,7818,8331,93.84227583723442
2024,74,V,512,8331,6.145720801824511
2024,74,X,1,8331,0.012003360941063497
2024,75,A,3,8331,0.036010082823190494
2024,75,L,8327,8331,99.95198655623575
2024,75,X,1,8331,0.012003360941063497
2024,76,D,8327,8331,99.95198655623575
2024,76,G,3,8331,0.036010082823190494
2024,76,X,1,8331,0.012003360941063497
2024,78,E,7849,8331,94.2143800264074
2024,78,G,350,8331,4.201176329372224
2024,78,I,32,8331,0.3841075501140319
2024,78,K,95,8331,1.1403192894010323
2024,78,M,4,8331,0.04801344376425399
2024,78,X,1,8331,0.012003360941063497
2024,79,D,8,8331,0.09602688752850798
2024,79,K,1,8331,0.012003360941063497
2024,79,L,3,8331,0.036010082823190494
2024,79,N,8315,8331,99.807946224943
2024,79,X,4,8331,0.04801344376425399
2024,94,D,74,8331,0.8882487096386988
2024,94,G,8158,8331,97.92341855719602
2024,94,S,97,8331,1.1643260112831593
2024,94,V,1,8331,0.012003360941063497
2024,94,X,1,8331,0.012003360941063497
2024,95,F,8309,8331,99.7359260592966
2024,95,L,13,8331,0.15604369223382547
2024,95,V,5,8331,0.06001680470531749
2024,95,X,1,8331,0.012003360941063497
2024,95,Y,3,8331,0.036010082823190494
2024,98,E,96,8331,1.1523226503420958
2024,98,G,1,8331,0.012003360941063497
2024,98,K,8229,8331,98.77565718401152
2024,98,N,2,8331,0.024006721882126995
2024,98,T,2,8331,0.024006721882126995
2024,98,X,1,8331,0.012003360941063497
2024,106,R,8327,8331,99.95198655623575
2024,106,T,3,8331,0.036010082823190494
2024,106,X,1,8331,0.012003360941063497
2024,108,I,1,8331,0.012003360941063497
2024,108,K,6954,8331,83.47137198415557
2024,108,N,1,8331,0.012003360941063497
2024,108,R,1369,8331,16.43260112831593
2024,108,T,2,8331,0.024006721882126995
2024,108,X,1,8331,0.012003360941063497
2024,108,Y,3,8331,0.036010082823190494
2024,289,H,1,8331,0.012003360941063497
2024,289,L,11,8331,0.13203697035169848
2024,289,P,8306,8331,99.6999159764734
2024,289,S,3,8331,0.036010082823190494
2024,289,T,6,8331,0.07202016564638099
2024,289,V,3,8331,0.036010082823190494
2024,289,X,1,8331,0.012003360941063497
2024,290,F,1,8331,0.012003360941063497
2024,290,H,3,8331,0.036010082823190494
2024,290,I,8304,8331,99.67590925459129
2024,290,M,20,8331,0.24006721882126997
2024,290,V,1,8331,0.012003360941063497
2024,290,X,2,8331,0.024006721882126995
2024,291,D,6,8331,0.07202016564638099
2024,291,G,8317,8331,99.83195294682511
2024,291,S,4,8331,0.04801344376425399
2024,291,V,3,8331,0.036010082823190494
2024,291,X,1,8331,0.012003360941063497
2024,292,C,3,8331,0.036010082823190494
2024,292,E,66,8331,0.7922218221101909
2024,292,I,1,8331,0.012003360941063497
2024,292,K,8132,8331,97.61133117272837
2024,292,N,24,8331,0.28808066258552395
2024,292,Q,5,8331,0.06001680470531749
2024,292,R,7,8331,0.08402352658744448
2024,292,T,92,8331,1.104309206577842
2024,292,X,1,8331,0.012003360941063497
2024,293,C,8327,8331,99.95198655623575
2024,293,N,3,8331,0.036010082823190494
2024,293,X,1,8331,0.012003360941063497
2024,294,E,3,8331,0.036010082823190494
2024,294,I,6,8331,0.07202016564638099
2024,294,K,8202,8331,98.45156643860281
2024,294,M,6,8331,0.07202016564638099
2024,294,N,20,8331,0.24006721882126997
2024,294,R,4,8331,0.04801344376425399
2024,294,S,86,8331,1.0322890409314607
2024,294,T,3,8331,0.036010082823190494
2024,294,X,1,8331,0.012003360941063497
2025,66,A,1,9701,0.010308215647871353
2025,66,E,9425,9701,97.1549324811875
2025,66,G,17,9701,0.17523966601381302
2025,66,K,230,9701,2.3708895990104115
2025,66,P,1,9701,0.010308215647871353
2025,66,Q,1,9701,0.010308215647871353
2025,66,R,24,9701,0.2473971755489125
2025,66,T,1,9701,0.010308215647871353
2025,66,V,1,9701,0.010308215647871353
2025,69,B,2,9701,0.020616431295742706
2025,69,D,8030,9701,82.77497165240698
2025,69,E,15,9701,0.1546232347180703
2025,69,G,11,9701,0.11339037212658488
2025,69,K,2,9701,0.020616431295742706
2025,69,L,1,9701,0.010308215647871353
2025,69,N,1637,9701,16.874549015565403
2025,69,S,2,9701,0.020616431295742706
2025,69,Y,1,9701,0.010308215647871353
2025,70,G,6,9701,0.061849293887228124
2025,70,N,152,9701,1.5668487784764458
2025,70,R,12,9701,0.12369858777445625
2025,70,S,9530,9701,98.237295124214
2025,70,T,1,9701,0.010308215647871353
2025,71,H,4,9701,0.04123286259148541
2025,71,K,1,9701,0.010308215647871353
2025,71,P,9696,9701,99.94845892176065
2025,73,H,102,9701,1.051437996082878
2025,73,K,42,9701,0.4329450572105969
2025,73,L,5,9701,0.05154107823935677
2025,73,N,1,9701,0.010308215647871353
2025,73,Q,9383,9701,96.72198742397691
2025,73,R,166,9701,1.7111637975466447
2025,73,X,2,9701,0.020616431295742706
2025,74,I,9666,9701,99.6392124523245
2025,74,V,35,9701,0.36078754767549737
2025,75,A,1,9701,0.010308215647871353
2025,75,F,1,9701,0.010308215647871353
2025,75,I,34,9701,0.35047933202762604
2025,75,L,9665,9701,99.62890423667663
2025,76,D,9700,9701,99.98969178435213
2025,76,G,1,9701,0.010308215647871353
2025,78,A,3,9701,0.030924646943614062
2025,78,D,2,9701,0.020616431295742706
2025,78,E,8859,9701,91.32048242449233
2025,78,G,29,9701,0.29893825378826927
2025,78,I,147,9701,1.515307700237089
2025,78,K,571,9701,5.885991134934542
2025,78,L,1,9701,0.010308215647871353
2025,78,M,4,9701,0.04123286259148541
2025,78,V,83,9701,0.8555818987733224
2025,78,X,2,9701,0.020616431295742706
2025,79,B,1,9701,0.010308215647871353
2025,79,D,109,9701,1.1235955056179776
2025,79,K,2,9701,0.020616431295742706
2025,79,L,1,9701,0.010308215647871353
2025,79,N,9584,9701,98.79393876919906
2025,79,S,4,9701,0.04123286259148541
2025,94,D,107,9701,1.1029790743222347
2025,94,G,9487,9701,97.79404185135553
2025,94,S,9,9701,0.09277394083084219
2025,94,V,98,9701,1.0102051334913926
2025,95,F,9684,9701,99.82476033398619
2025,95,L,15,9701,0.1546232347180703
2025,95,S,1,9701,0.010308215647871353
2025,95,Y,1,9701,0.010308215647871353
2025,98,E,142,9701,1.463766621997732
2025,98,K,9550,9701,98.44345943717143
2025,98,N,4,9701,0.04123286259148541
2025,98,R,2,9701,0.020616431295742706
2025,98,T,1,9701,0.010308215647871353
2025,98,X,2,9701,0.020616431295742706
2025,106,Q,1,9701,0.010308215647871353
2025,106,R,9699,9701,99.97938356870426
2025,106,T,1,9701,0.010308215647871353
2025,108,D,1,9701,0.010308215647871353
2025,108,E,11,9701,0.11339037212658488
2025,108,I,2,9701,0.020616431295742706
2025,108,K,9505,9701,97.9795897330172
2025,108,N,3,9701,0.030924646943614062
2025,108,R,146,9701,1.5049994845892176
2025,108,T,30,9701,0.3092464694361406
2025,108,X,2,9701,0.020616431295742706
2025,108,Y,1,9701,0.010308215647871353
2025,289,H,20,9701,0.20616431295742707
2025,289,L,1,9701,0.010308215647871353
2025,289,P,9672,9701,99.70106174621172
2025,289,S,5,9701,0.05154107823935677
2025,289,T,1,9701,0.010308215647871353
2025,289,V,1,9701,0.010308215647871353
2025,289,X,1,9701,0.010308215647871353
2025,290,H,2,9701,0.020616431295742706
2025,290,I,9690,9701,99.88660962787341
2025,290,L,3,9701,0.030924646943614062
2025,290,T,1,9701,0.010308215647871353
2025,290,V,4,9701,0.04123286259148541
2025,290,X,1,9701,0.010308215647871353
2025,291,D,121,9701,1.2472940933924337
2025,291,G,9568,9701,98.6290073188331
2025,291,S,10,9701,0.10308215647871354
2025,291,V,1,9701,0.010308215647871353
2025,291,X,1,9701,0.010308215647871353
2025,292,A,1,9701,0.010308215647871353
2025,292,C,1,9701,0.010308215647871353
2025,292,E,26,9701,0.2680136068446552
2025,292,K,9519,9701,98.12390475208741
2025,292,N,3,9701,0.030924646943614062
2025,292,R,11,9701,0.11339037212658488
2025,292,T,139,9701,1.4328419750541181
2025,292,X,1,9701,0.010308215647871353
2025,293,C,9699,9701,99.97938356870426
2025,293,N,1,9701,0.010308215647871353
2025,293,X,1,9701,0.010308215647871353
2025,294,H,1,9701,0.010308215647871353
2025,294,I,137,9701,1.4122255437583755
2025,294,K,6925,9701,71.38439336150913
2025,294,N,2620,9701,27.007524997422944
2025,294,R,7,9701,0.07215750953509947
2025,294,S,6,9701,0.061849293887228124
2025,294,T,2,9701,0.020616431295742706
2025,294,V,1,9701,0.010308215647871353
2025,294,X,1,9701,0.010308215647871353
2025,294,Y,1,9701,0.010308215647871353
2026,66,E,1968,2063,95.39505574406203
2026,66,G,10,2063,0.4847309743092583
2026,66,K,83,2063,4.023267086766844
2026,66,R,2,2063,0.09694619486185167
2026,69,D,1845,2063,89.43286476005817
2026,69,G,8,2063,0.3877847794474067
2026,69,N,210,2063,10.179350460494426
2026,70,G,3,2063,0.1454192922927775
2026,70,I,1,2063,0.048473097430925836
2026,70,N,64,2063,3.1022782355792535
2026,70,S,1995,2063,96.70382937469705
2026,71,P,2063,2063,100.0
2026,73,H,10,2063,0.4847309743092583
2026,73,K,1,2063,0.048473097430925836
2026,73,Q,1996,2063,96.75230247212797
2026,73,R,56,2063,2.714493456131847
2026,74,I,2044,2063,99.07901114881241
2026,74,V,19,2063,0.9209888511875909
2026,75,I,3,2063,0.1454192922927775
2026,75,L,2060,2063,99.85458070770721
2026,76,D,2063,2063,100.0
2026,78,E,1411,2063,68.39554047503636
2026,78,G,17,2063,0.8240426563257393
2026,78,I,55,2063,2.666020358700921
2026,78,K,577,2063,27.96897721764421
2026,78,T,3,2063,0.1454192922927775
2026,79,D,54,2063,2.617547261269995
2026,79,N,2004,2063,97.14008725157538
2026,79,S,4,2063,0.19389238972370335
2026,79,X,1,2063,0.048473097430925836
2026,94,D,7,2063,0.3393116820164809
2026,94,G,2001,2063,96.9946679592826
2026,94,V,55,2063,2.666020358700921
2026,95,F,2028,2063,98.3034415899176
2026,95,I,3,2063,0.1454192922927775
2026,95,L,32,2063,1.5511391177896268
2026,98,E,56,2063,2.714493456131847
2026,98,K,2007,2063,97.28550654386815
2026,106,R,2063,2063,100.0
2026,108,E,1,2063,0.048473097430925836
2026,108,K,1993,2063,96.6068831798352
2026,108,Q,3,2063,0.1454192922927775
2026,108,R,64,2063,3.1022782355792535
2026,108,T,2,2063,0.09694619486185167
2026,289,H,1,2063,0.048473097430925836
2026,289,L,2,2063,0.09694619486185167
2026,289,P,2050,2063,99.36984973339797
2026,289,S,10,2063,0.4847309743092583
2026,290,I,2061,2063,99.90305380513816
2026,290,V,2,2063,0.09694619486185167
2026,291,D,58,2063,2.8114396509936985
2026,291,G,2001,2063,96.9946679592826
2026,291,S,4,2063,0.19389238972370335
2026,292,E,13,2063,0.6301502666020359
2026,292,K,1991,2063,96.50993698497334
2026,292,N,2,2063,0.09694619486185167
2026,292,R,1,2063,0.048473097430925836
2026,292,T,55,2063,2.666020358700921
2026,292,X,1,2063,0.048473097430925836
2026,293,A,1,2063,0.048473097430925836
2026,293,C,2061,2063,99.90305380513816
2026,293,S,1,2063,0.048473097430925836
2026,294,H,1,2063,0.048473097430925836
2026,294,I,56,2063,2.714493456131847
2026,294,K,14,2063,0.6786233640329618
2026,294,N,1988,2063,96.36451769268056
2026,294,S,4,2063,0.19389238972370335
