alignment_position	reference_position	reference_AA
1	1	M
2	2	K
3	3	A
4	4	I
5	5	I
6	6	A
7	7	L
8	8	S
9	9	N
10	10	I
11	11	L
12	12	C
13	13	L
14	14	V
15	15	F
16	16	A
17	17	Q
18	18	N
19	19	I
20	20	P
21	21	G
22	22	N
23	23	D
24	24	N
25	25	S
26	26	T
27	27	A
28	28	T
29	29	L
30	30	C
31	31	L
32	32	G
33	33	H
34	34	H
35	35	A
36	36	V
37	37	P
38	38	N
39	39	G
40	40	T
41	41	I
42	42	V
43	43	K
44	44	T
45	45	I
46	46	T
47	47	N
48	48	D
49	49	R
50	50	I
51	51	E
52	52	V
53	53	T
54	54	N
55	55	A
56	56	T
57	57	E
58	58	L
59	59	V
60	60	Q
61	61	N
62	62	S
63	63	S
64	64	I
65	65	G
66	66	K
67	67	I
68	68	C
69	69	N
70	70	S
71	71	P
72	72	H
73	73	Q
74	74	I
75	75	L
76	76	D
77	77	G
78	78	G
79	79	N
80	80	C
81	81	T
82	82	L
83	83	I
84	84	D
85	85	A
86	86	L
87	87	L
88	88	G
89	89	D
90	90	P
91	91	Q
92	92	C
93	93	D
94	94	G
95	95	F
96	96	Q
97	97	N
98	98	K
99	99	E
100	100	W
101	101	D
102	102	L
103	103	F
104	104	V
105	105	E
106	106	R
107	107	S
108	108	R
109	109	A
110	110	N
111	111	S
112	112	S
113	113	C
114	114	Y
115	115	P
116	116	Y
117	117	D
118	118	V
119	119	P
120	120	D
121	121	Y
122	122	A
123	123	S
124	124	L
125	125	R
126	126	S
127	127	L
128	128	I
129	129	A
130	130	S
131	131	S
132	132	G
133	133	T
134	134	L
135	135	E
136	136	F
137	137	K
138	138	D
139	139	E
140	140	S
141	141	F
142	142	N
143	143	W
144	144	T
145	145	G
146	146	V
147	147	K
148	148	Q
149	149	N
150	150	G
151	151	K
152	152	S
153	153	S
154	154	A
155	155	C
156	156	K
157	157	R
158	158	G
159	159	S
160	160	N
161	161	S
162	162	S
163	163	F
164	164	F
165	165	S
166	166	R
167	167	L
168	168	N
169	169	W
170	170	L
171	171	T
172	172	S
173	173	L
174	174	D
175	175	N
176	176	K
177	177	Y
178	178	P
179	179	A
180	180	Q
181	181	N
182	182	V
183	183	T
184	184	M
185	185	P
186	186	N
187	187	K
188	188	E
189	189	R
190	190	F
191	191	D
192	192	K
193	193	L
194	194	Y
195	195	I
196	196	W
197	197	G
198	198	V
199	199	H
200	200	H
201	201	P
202	202	D
203	203	T
204	204	D
205	205	R
206	206	N
207	207	Q
208	208	F
209	209	S
210	210	L
211	211	F
212	212	A
213	213	Q
214	214	S
215	215	S
216	216	G
217	217	R
218	218	I
219	219	T
220	220	V
221	221	S
222	222	T
223	223	K
224	224	R
225	225	S
226	226	Q
227	227	Q
228	228	A
229	229	V
230	230	I
231	231	P
232	232	N
233	233	I
234	234	G
235	235	S
236	236	R
237	237	P
238	238	R
239	239	V
240	240	R
241	241	D
242	242	I
243	243	P
244	244	S
245	245	R
246	246	I
247	247	S
248	248	I
249	249	Y
250	250	W
251	251	T
252	252	I
253	253	V
254	254	K
255	255	P
256	256	G
257	257	D
258	258	I
259	259	L
260	260	L
261	261	I
262	262	N
263	263	S
264	264	T
265	265	G
266	266	N
267	267	L
268	268	I
269	269	A
270	270	P
271	271	R
272	272	G
273	273	Y
274	274	F
275	275	K
276	276	I
277	277	R
278	278	S
279	279	G
280	280	K
281	281	S
282	282	S
283	283	I
284	284	M
285	285	R
286	286	S
287	287	D
288	288	T
289	289	P
290	290	I
291	291	G
292	292	E
293	293	C
294	294	K
295	295	S
296	296	E
297	297	C
298	298	I
299	299	T
300	300	P
301	301	N
302	302	G
303	303	S
304	304	I
305	305	P
306	306	N
307	307	D
308	308	K
309	309	P
310	310	F
311	311	Q
312	312	N
313	313	V
314	314	N
315	315	R
316	316	I
317	317	T
318	318	Y
319	319	G
320	320	A
321	321	C
322	322	P
323	323	R
324	324	Y
325	325	V
326	326	K
327	327	Q
328	328	S
329	329	T
330	330	L
331	331	K
332	332	L
333	333	A
334	334	T
335	335	G
336	336	M
337	337	R
338	338	N
339	339	V
340	340	P
341	341	E
342	342	K
343	343	Q
344	344	A
345	345	R
346	346	G
347	347	I
348	348	F
349	349	G
350	350	A
351	351	I
352	352	A
353	353	G
354	354	F
355	355	I
356	356	E
357	357	N
358	358	G
359	359	W
360	360	E
361	361	G
362	362	M
363	363	V
364	364	D
365	365	G
366	366	W
367	367	Y
368	368	G
369	369	F
370	370	R
371	371	H
372	372	Q
373	373	N
374	374	S
375	375	E
376	376	G
377	377	R
378	378	G
379	379	Q
380	380	A
381	381	A
382	382	D
383	383	L
384	384	K
385	385	S
386	386	T
387	387	Q
388	388	A
389	389	A
390	390	I
391	391	D
392	392	Q
393	393	I
394	394	N
395	395	G
396	396	K
397	397	L
398	398	N
399	399	R
400	400	L
401	401	I
402	402	G
403	403	K
404	404	T
405	405	N
406	406	E
407	407	K
408	408	F
409	409	H
410	410	Q
411	411	I
412	412	E
413	413	K
414	414	E
415	415	F
416	416	S
417	417	E
418	418	V
419	419	E
420	420	G
421	421	R
422	422	V
423	423	Q
424	424	D
425	425	L
426	426	E
427	427	K
428	428	Y
429	429	V
430	430	E
431	431	D
432	432	T
433	433	K
434	434	I
435	435	D
436	436	L
437	437	W
438	438	S
439	439	Y
440	440	N
441	441	A
442	442	E
443	443	L
444	444	L
445	445	V
446	446	A
447	447	L
448	448	E
449	449	N
450	450	Q
451	451	H
452	452	T
453	453	I
454	454	D
455	455	L
456	456	T
457	457	D
458	458	S
459	459	E
460	460	M
461	461	N
462	462	K
463	463	L
464	464	F
465	465	E
466	466	K
467	467	T
468	468	K
469	469	K
470	470	Q
471	471	L
472	472	R
473	473	E
474	474	N
475	475	A
476	476	E
477	477	D
478	478	M
479	479	G
480	480	N
481	481	G
482	482	C
483	483	F
484	484	K
485	485	I
486	486	Y
487	487	H
488	488	K
489	489	C
490	490	D
491	491	N
492	492	A
493	493	C
494	494	I
495	495	G
496	496	S
497	497	I
498	498	R
499	499	N
500	500	E
501	501	T
502	502	Y
503	503	D
504	504	H
505	505	N
506	506	V
507	507	Y
508	508	R
509	509	D
510	510	E
511	511	A
512	512	L
513	513	N
514	514	N
515	515	R
516	516	F
517	517	Q
518	518	I
519	519	K
520	520	G
521	521	V
522	522	E
523	523	L
524	524	K
525	525	S
526	526	G
527	527	Y
528	528	K
529	529	D
530	530	W
531	531	I
532	532	L
533	533	W
534	534	I
535	535	S
536	536	F
537	537	A
538	538	M
539	539	S
540	540	C
541	541	F
542	542	L
543	543	L
544	544	C
545	545	I
546	546	A
547	547	L
548	548	L
549	549	G
550	550	F
551	551	I
552	552	M
553	553	W
554	554	A
555	555	C
556	556	Q
557	557	K
558	558	G
559	559	N
560	560	I
561	561	R
562	562	C
563	563	N
564	564	I
565	565	C
566	566	I
