year	1	2	3	4	5	6	7	8	9	10	11	12	13	14	15	16	17	18	19	20	21	22	23	24	25	26	27	28	29	30	31	32	33	34	35	36	37	38	39	40	41	42	43	44	45	46	47	48	49	50	51	52	53	54	55	56	57	58	59	60	61	62	63	64	65	66	67	68	69	70	71	72	73	74	75	76	77	78	79	80	81	82	83	84	85	86	87	88	89	90	91	92	93	94	95	96	97	98	99	100	101	102	103	104	105	106	107	108	109	110	111	112	113	114	115	116	117	118	119	120	121	122	123	124	125	126	127	128	129	130	131	132	133	134	135	136	137	138	139	140	141	142	143	144	145	146	147	148	149	150	151	152	153	154	155	156	157	158	159	160	161	162	163	164	165	166	167	168	169	170	171	172	173	174	175	176	177	178	179	180	181	182	183	184	185	186	187	188	189	190	191	192	193	194	195	196	197	198	199	200	201	202	203	204	205	206	207	208	209	210	211	212	213	214	215	216	217	218	219	220	221	222	223	224	225	226	227	228	229	230	231	232	233	234	235	236	237	238	239	240	241	242	243	244	245	246	247	248	249	250	251	252	253	254	255	256	257	258	259	260	261	262	263	264	265	266	267	268	269	270	271	272	273	274	275	276	277	278	279	280	281	282	283	284	285	286	287	288	289	290	291	292	293	294	295	296	297	298	299	300	301	302	303	304	305	306	307	308	309	310	311	312	313	314	315	316	317	318	319	320	321	322	323	324	325	326	327	328	329	330	331	332	333	334	335	336	337	338	339	340	341	342	343	344	345	346	347	348	349	350	351	352	353	354	355	356	357	358	359	360	361	362	363	364	365	366	367	368	369	370	371	372	373	374	375	376	377	378	379	380	381	382	383	384	385	386	387	388	389	390	391	392	393	394	395	396	397	398	399	400	401	402	403	404	405	406	407	408	409	410	411	412	413	414	415	416	417	418	419	420	421	422	423	424	425	426	427	428	429	430	431	432	433	434	435	436	437	438	439	440	441	442	443	444	445	446	447	448	449	450	451	452	453	454	455	456	457	458	459	460	461	462	463	464	465	466	467	468	469	470	471	472	473	474	475	476	477	478	479	480	481	482	483	484	485	486	487	488	489	490	491	492	493	494	495	496	497	498	499	500	501	502	503	504	505	506	507	508	509	510	511	512	513	514	515	516	517	518	519	520	521	522	523	524	525	526	527	528	529	530	531	532	533	534	535	536	537	538	539	540	541	542	543	544	545	546	547	548	549	550	551	552	553	554	555	556	557	558	559	560	561	562	563	564	565	566
1968	M	K	A	I	I	A	L	S	N	I	L	C	L	V	F	A	Q	N	I	P	G	N	D	N	S	T	A	T	L	C	L	G	H	H	A	V	P	N	G	T	I	V	K	T	I	T	N	D	R	I	E	V	T	N	A	T	E	L	V	Q	N	S	S	I	G	K	I	C	N	S	P	H	Q	I	L	D	G	G	N	C	T	L	I	D	A	L	L	G	D	P	Q	C	D	G	F	Q	N	K	E	W	D	L	F	V	E	R	S	R	A	N	S	S	C	Y	P	Y	D	V	P	D	Y	A	S	L	R	S	L	V	A	S	S	G	T	L	E	F	K	D	E	S	F	N	W	T	G	V	K	Q	N	G	K	S	S	A	C	K	R	G	S	N	S	S	F	F	S	R	L	N	W	L	T	S	L	D	N	K	Y	P	A	Q	N	V	T	M	P	N	K	E	R	F	D	K	L	Y	I	W	G	V	H	H	P	D	T	D	R	N	Q	F	S	L	F	A	Q	S	S	G	R	I	T	V	S	T	K	R	S	Q	Q	A	V	I	P	N	I	G	S	R	P	R	V	R	D	I	P	S	R	I	S	I	Y	W	T	I	V	K	P	G	D	I	L	L	I	N	S	T	G	N	L	I	A	P	R	G	Y	F	K	I	R	S	G	K	S	S	I	M	R	S	D	A	P	I	G	E	C	K	S	E	C	I	T	P	N	G	S	I	P	N	D	K	P	F	Q	N	V	N	R	I	T	Y	G	A	C	P	R	Y	V	K	Q	S	T	L	K	L	A	T	G	M	R	N	V	P	E	K	Q	A	R	G	I	F	G	A	I	A	G	F	I	E	N	G	W	E	G	M	V	D	G	W	Y	G	F	R	H	Q	N	S	E	G	R	G	Q	A	A	D	L	K	S	T	Q	A	A	I	D	Q	I	N	G	K	L	N	R	L	I	G	K	T	N	E	K	F	H	Q	I	E	K	E	F	S	E	V	E	G	R	V	Q	D	L	E	K	Y	V	E	D	T	K	I	D	L	W	S	Y	N	A	E	L	L	V	A	L	E	N	Q	H	T	I	D	L	T	D	S	E	M	N	K	L	F	E	K	T	K	K	Q	L	R	E	N	A	E	D	M	G	N	G	C	F	K	I	Y	H	K	C	D	N	A	C	I	G	S	I	R	N	E	T	Y	D	H	N	V	Y	R	D	E	A	L	N	N	R	F	Q	I	K	G	V	E	L	K	S	G	Y	K	D	W	I	L	W	I	S	F	A	M	S	C	F	L	L	C	I	A	L	L	G	F	I	M	W	A	C	Q	K	G	N	I	R	C	N	I	C	I
1969	M	K	A	I	I	A	L	S	N	I	L	C	L	V	F	A	Q	N	I	P	G	N	D	N	S	T	A	T	L	C	L	G	H	H	A	V	P	N	G	T	I	V	K	T	I	T	N	D	R	I	E	V	T	N	A	T	E	L	V	Q	N	S	S	I	G	K	I	C	N	S	P	H	Q	I	L	D	G	G	N	C	T	L	I	D	A	L	L	G	D	P	Q	C	D	G	F	Q	N	K	E	W	D	L	F	V	E	R	S	R	A	N	S	S	C	Y	P	Y	D	V	P	D	Y	A	S	L	R	S	L	V	A	S	S	G	T	L	E	F	K	D	E	S	F	N	W	T	G	V	K	Q	N	G	K	S	S	A	C	K	R	G	S	N	S	S	F	F	S	R	L	N	W	L	T	S	L	D	N	K	Y	P	A	Q	N	V	T	M	P	N	K	E	R	F	D	K	L	Y	I	W	G	V	H	H	P	D	T	D	R	N	Q	F	S	L	F	A	Q	S	S	G	R	I	T	V	S	T	K	R	S	Q	Q	A	V	I	P	N	I	G	S	R	P	R	V	R	D	I	P	S	R	I	S	I	Y	W	T	I	V	K	P	G	D	I	L	L	I	N	S	T	G	N	L	I	A	P	R	G	Y	F	K	I	R	S	G	K	S	S	I	M	R	S	D	A	P	I	G	E	C	K	S	E	C	I	T	P	N	G	S	I	P	N	D	K	P	F	Q	N	V	N	R	I	T	Y	G	A	C	P	R	Y	V	K	Q	S	T	L	K	L	A	T	G	M	R	N	V	P	E	K	Q	A	R	G	I	F	G	A	I	A	G	F	I	E	N	G	W	E	G	M	V	D	G	W	Y	G	F	R	H	Q	N	S	E	G	R	G	Q	A	A	D	L	K	S	T	Q	A	A	I	D	Q	I	N	G	K	L	N	R	L	I	G	K	T	N	E	K	F	H	Q	I	E	K	E	F	S	E	V	E	G	R	V	Q	D	L	E	K	Y	V	E	D	T	K	I	D	L	W	S	Y	N	A	E	L	L	V	A	L	E	N	Q	H	T	I	D	L	T	D	S	E	M	N	K	L	F	E	K	T	K	K	Q	L	R	E	N	A	E	D	M	G	N	G	C	F	K	I	Y	H	K	C	D	N	A	C	I	G	S	I	R	N	E	T	Y	D	H	N	V	Y	R	D	E	A	L	N	N	R	F	Q	I	K	G	V	E	L	K	S	G	Y	K	D	W	I	L	W	I	S	F	A	M	S	C	F	L	L	C	I	A	L	L	G	F	I	M	W	A	C	Q	K	G	N	I	R	C	N	I	C	I
1970	M	K	A	I	I	A	L	S	N	I	L	C	L	V	F	A	Q	N	I	P	G	N	D	N	S	T	A	T	L	C	L	G	H	H	A	V	P	N	G	T	I	V	K	T	I	T	N	D	R	I	E	V	T	N	A	T	E	L	V	Q	N	S	S	I	G	K	I	C	N	S	P	H	Q	I	L	D	G	G	N	C	T	L	I	D	A	L	L	G	D	P	Q	C	D	G	F	Q	N	K	E	W	D	L	F	V	E	R	S	R	A	N	S	S	C	Y	P	Y	D	V	P	D	Y	A	S	L	R	S	L	V	A	S	S	G	T	L	E	F	K	D	E	S	F	N	W	T	G	V	K	Q	N	G	K	S	S	A	C	K	R	G	S	N	S	S	F	F	S	R	L	N	W	L	T	S	L	D	N	K	Y	P	A	Q	N	V	T	M	P	N	K	E	R	F	D	K	L	Y	I	W	G	V	H	H	P	D	T	D	R	N	Q	F	S	L	F	A	Q	S	S	G	R	I	T	V	S	T	K	R	S	Q	Q	A	V	I	P	N	I	G	S	R	P	R	V	R	D	I	P	S	R	I	S	I	Y	W	T	I	V	K	P	G	D	I	L	L	I	N	S	T	G	N	L	I	A	P	R	G	Y	F	K	I	R	S	G	K	S	S	I	M	R	S	D	A	P	I	G	E	C	K	S	E	C	I	T	P	N	G	S	I	P	N	D	K	P	F	Q	N	V	N	R	I	T	Y	G	A	C	P	R	Y	V	K	Q	S	T	L	K	L	A	T	G	M	R	N	V	P	E	K	Q	A	R	G	I	F	G	A	I	A	G	F	I	E	N	G	W	E	G	M	V	D	G	W	Y	G	F	R	H	Q	N	S	E	G	R	G	Q	A	A	D	L	K	S	T	Q	A	A	I	D	Q	I	N	G	K	L	N	R	L	I	G	K	T	N	E	K	F	H	Q	I	E	K	E	F	S	E	V	E	G	R	V	Q	D	L	E	K	Y	V	E	D	T	K	I	D	L	W	S	Y	N	A	E	L	L	V	A	L	E	N	Q	H	T	I	D	L	T	D	S	E	M	N	K	L	F	E	K	T	K	K	Q	L	R	E	N	A	E	D	M	G	N	G	C	F	K	I	Y	H	K	C	D	N	A	C	I	G	S	I	R	N	E	T	Y	D	H	N	V	Y	R	D	E	A	L	N	N	R	F	Q	I	K	G	V	E	L	K	S	G	Y	K	D	W	I	L	W	I	S	F	A	M	S	C	F	L	L	C	I	A	L	L	G	F	I	M	W	A	C	Q	K	G	N	I	R	C	N	I	C	I
1971	M	K	A	I	I	A	L	S	N	I	L	C	L	V	F	A	Q	N	I	P	G	N	D	N	S	T	A	T	L	C	L	G	H	H	A	V	P	N	G	T	I	V	K	T	I	T	N	D	R	I	E	V	T	N	A	T	E	L	V	Q	N	S	S	I	G	K	I	C	N	S	P	H	Q	I	L	D	G	G	N	C	T	L	I	D	A	L	L	G	D	P	Q	C	D	G	F	Q	N	K	E	W	D	L	F	V	E	R	S	R	A	N	S	S	C	Y	P	Y	D	V	P	D	Y	A	S	L	R	S	L	V	A	S	S	G	T	L	E	F	K	D	E	S	F	N	W	T	G	V	K	Q	N	G	K	S	S	A	C	K	R	G	S	N	S	S	F	F	S	R	L	N	W	L	T	S	L	D	N	K	Y	P	A	Q	N	V	T	M	P	N	K	E	R	F	D	K	L	Y	I	W	G	V	H	H	P	D	T	D	R	N	Q	F	S	L	F	A	Q	S	S	G	R	I	T	V	S	T	K	R	S	Q	Q	A	V	I	P	N	I	G	S	R	P	R	V	R	D	I	P	S	R	I	S	I	Y	W	T	I	V	K	P	G	D	I	L	L	I	N	S	T	G	N	L	I	A	P	R	G	Y	F	K	I	R	S	G	K	S	S	I	M	R	S	D	A	P	I	G	E	C	K	S	E	C	I	T	P	N	G	S	I	P	N	D	K	P	F	Q	N	V	N	R	I	T	Y	G	A	C	P	R	Y	V	K	Q	S	T	L	K	L	A	T	G	M	R	N	V	P	E	K	Q	A	R	G	I	F	G	A	I	A	G	F	I	E	N	G	W	E	G	M	V	D	G	W	Y	G	F	R	H	Q	N	S	E	G	R	G	Q	A	A	D	L	K	S	T	Q	A	A	I	D	Q	I	N	G	K	L	N	R	L	I	G	K	T	N	E	K	F	H	Q	I	E	K	E	F	S	E	V	E	G	R	V	Q	D	L	E	K	Y	V	E	D	T	K	I	D	L	W	S	Y	N	A	E	L	L	V	A	L	E	N	Q	H	T	I	D	L	T	D	S	E	M	N	K	L	F	E	K	T	K	K	Q	L	R	E	N	A	E	D	M	G	N	G	C	F	K	I	Y	H	K	C	D	N	A	C	I	G	S	I	R	N	E	T	Y	D	H	N	V	Y	R	D	E	A	L	N	N	R	F	Q	I	K	G	V	E	L	K	S	G	Y	K	D	W	I	L	W	I	S	F	A	M	S	C	F	L	L	C	I	A	L	L	G	F	I	M	W	A	C	Q	K	G	N	I	R	C	N	I	C	I
1972	M	K	A	I	I	A	L	S	N	I	L	C	L	V	F	A	Q	N	I	P	G	N	D	N	S	T	A	T	L	C	L	G	H	H	A	V	P	N	G	T	I	V	K	T	I	T	N	D	R	I	E	V	T	N	A	T	E	L	V	Q	N	S	S	I	G	K	I	C	N	S	P	H	Q	I	L	D	G	G	N	C	T	L	I	D	A	L	L	G	D	P	Q	C	D	G	F	Q	N	K	E	W	D	L	F	V	E	R	S	R	A	N	S	S	C	Y	P	Y	D	V	P	D	Y	A	S	L	R	S	L	V	A	S	S	G	T	L	E	F	K	D	E	S	F	N	W	T	G	V	K	Q	N	G	K	S	S	A	C	K	R	G	S	N	S	S	F	F	S	R	L	N	W	L	T	S	L	D	N	K	Y	P	A	Q	N	V	T	M	P	N	K	E	R	F	D	K	L	Y	I	W	G	V	H	H	P	D	T	D	R	N	Q	F	S	L	F	A	Q	S	S	G	R	I	T	V	S	T	K	R	S	Q	Q	A	V	I	P	N	I	G	S	R	P	R	V	R	D	I	P	S	R	I	S	I	Y	W	T	I	V	K	P	G	D	I	L	L	I	N	S	T	G	N	L	I	A	P	R	G	Y	F	K	I	R	S	G	K	S	S	I	M	R	S	D	A	P	I	G	E	C	K	S	E	C	I	T	P	N	G	S	I	P	N	D	K	P	F	Q	N	V	N	R	I	T	Y	G	A	C	P	R	Y	V	K	Q	S	T	L	K	L	A	T	G	M	R	N	V	P	E	K	Q	A	R	G	I	F	G	A	I	A	G	F	I	E	N	G	W	E	G	M	V	D	G	W	Y	G	F	R	H	Q	N	S	E	G	R	G	Q	A	A	D	L	K	S	T	Q	A	A	I	D	Q	I	N	G	K	L	N	R	L	I	G	K	T	N	E	K	F	H	Q	I	E	K	E	F	S	E	V	E	G	R	V	Q	D	L	E	K	Y	V	E	D	T	K	I	D	L	W	S	Y	N	A	E	L	L	V	A	L	E	N	Q	H	T	I	D	L	T	D	S	E	M	N	K	L	F	E	K	T	K	K	Q	L	R	E	N	A	E	D	M	G	N	G	C	F	K	I	Y	H	K	C	D	N	A	C	I	G	S	I	R	N	E	T	Y	D	H	N	V	Y	R	D	E	A	L	N	N	R	F	Q	I	K	G	V	E	L	K	S	G	Y	K	D	W	I	L	W	I	S	F	A	M	S	C	F	L	L	C	I	A	L	L	G	F	I	M	W	A	C	Q	K	G	N	I	R	C	N	I	C	I
1973	M	K	A	I	I	A	L	S	N	I	L	C	L	V	F	A	Q	N	I	P	G	N	D	N	S	T	A	T	L	C	L	G	H	H	A	V	P	N	G	T	I	V	K	T	I	T	N	D	R	I	E	V	T	N	A	T	E	L	V	Q	N	S	S	I	G	K	I	C	N	S	P	H	Q	I	L	D	G	G	N	C	T	L	I	D	A	L	L	G	D	P	Q	C	D	G	F	Q	N	K	E	W	D	L	F	V	E	R	S	R	A	N	S	S	C	Y	P	Y	D	V	P	D	Y	A	S	L	R	S	L	V	A	S	S	G	T	L	E	F	K	D	E	S	F	N	W	T	G	V	K	Q	N	G	K	S	S	A	C	K	R	G	S	N	S	S	F	F	S	R	L	N	W	L	T	S	L	D	N	K	Y	P	A	Q	N	V	T	M	P	N	K	E	R	F	D	K	L	Y	I	W	G	V	H	H	P	D	T	D	R	N	Q	F	S	L	F	A	Q	S	S	G	R	I	T	V	S	T	K	R	S	Q	Q	A	V	I	P	N	I	G	S	R	P	R	V	R	D	I	P	S	R	I	S	I	Y	W	T	I	V	K	P	G	D	I	L	L	I	N	S	T	G	N	L	I	A	P	R	G	Y	F	K	I	R	S	G	K	S	S	I	M	R	S	D	A	P	I	G	E	C	K	S	E	C	I	T	P	N	G	S	I	P	N	D	K	P	F	Q	N	V	N	R	I	T	Y	G	A	C	P	R	Y	V	K	Q	S	T	L	K	L	A	T	G	M	R	N	V	P	E	K	Q	A	R	G	I	F	G	A	I	A	G	F	I	E	N	G	W	E	G	M	V	D	G	W	Y	G	F	R	H	Q	N	S	E	G	R	G	Q	A	A	D	L	K	S	T	Q	A	A	I	D	Q	I	N	G	K	L	N	R	L	I	G	K	T	N	E	K	F	H	Q	I	E	K	E	F	S	E	V	E	G	R	V	Q	D	L	E	K	Y	V	E	D	T	K	I	D	L	W	S	Y	N	A	E	L	L	V	A	L	E	N	Q	H	T	I	D	L	T	D	S	E	M	N	K	L	F	E	K	T	K	K	Q	L	R	E	N	A	E	D	M	G	N	G	C	F	K	I	Y	H	K	C	D	N	A	C	I	G	S	I	R	N	E	T	Y	D	H	N	V	Y	R	D	E	A	L	N	N	R	F	Q	I	K	G	V	E	L	K	S	G	Y	K	D	W	I	L	W	I	S	F	A	M	S	C	F	L	L	C	I	A	L	L	G	F	I	M	W	A	C	Q	K	G	N	I	R	C	N	I	C	I
1974	M	K	A	I	I	A	L	S	N	I	L	C	L	V	F	A	Q	N	I	P	G	N	D	N	S	T	A	T	L	C	L	G	H	H	A	V	P	N	G	T	I	V	K	T	I	T	N	D	R	I	E	V	T	N	A	T	E	L	V	Q	N	S	S	I	G	K	I	C	N	S	P	H	Q	I	L	D	G	G	N	C	T	L	I	D	A	L	L	G	D	P	Q	C	D	G	F	Q	N	K	E	W	D	L	F	V	E	R	S	R	A	N	S	S	C	Y	P	Y	D	V	P	D	Y	A	S	L	R	S	L	V	A	S	S	G	T	L	E	F	K	D	E	S	F	N	W	T	G	V	K	Q	N	G	K	S	S	A	C	K	R	G	S	N	S	S	F	F	S	R	L	N	W	L	T	S	L	D	N	K	Y	P	A	Q	N	V	T	M	P	N	K	E	R	F	D	K	L	Y	I	W	G	V	H	H	P	D	T	D	R	N	Q	F	S	L	F	A	Q	S	S	G	R	I	T	V	S	T	K	R	S	Q	Q	A	V	I	P	N	I	G	S	R	P	R	V	R	D	I	P	S	R	I	S	I	Y	W	T	I	V	K	P	G	D	I	L	L	I	N	S	T	G	N	L	I	A	P	R	G	Y	F	K	I	R	S	G	K	S	S	I	M	R	S	D	A	P	I	G	E	C	K	S	E	C	I	T	P	N	G	S	I	P	N	D	K	P	F	Q	N	V	N	R	I	T	Y	G	A	C	P	R	Y	V	K	Q	S	T	L	K	L	A	T	G	M	R	N	V	P	E	K	Q	A	R	G	I	F	G	A	I	A	G	F	I	E	N	G	W	E	G	M	V	D	G	W	Y	G	F	R	H	Q	N	S	E	G	R	G	Q	A	A	D	L	K	S	T	Q	A	A	I	D	Q	I	N	G	K	L	N	R	L	I	G	K	T	N	E	K	F	H	Q	I	E	K	E	F	S	E	V	E	G	R	V	Q	D	L	E	K	Y	V	E	D	T	K	I	D	L	W	S	Y	N	A	E	L	L	V	A	L	E	N	Q	H	T	I	D	L	T	D	S	E	M	N	K	L	F	E	K	T	K	K	Q	L	R	E	N	A	E	D	M	G	N	G	C	F	K	I	Y	H	K	C	D	N	A	C	I	G	S	I	R	N	E	T	Y	D	H	N	V	Y	R	D	E	A	L	N	N	R	F	Q	I	K	G	V	E	L	K	S	G	Y	K	D	W	I	L	W	I	S	F	A	M	S	C	F	L	L	C	I	A	L	L	G	F	I	M	W	A	C	Q	K	G	N	I	R	C	N	I	C	I
1975	M	K	A	I	I	A	L	S	N	I	L	C	L	V	F	A	Q	N	I	P	G	N	D	N	S	T	A	T	L	C	L	G	H	H	A	V	P	N	G	T	I	V	K	T	I	T	N	D	R	I	E	V	T	N	A	T	E	L	V	Q	N	S	S	I	G	K	I	C	N	S	P	H	Q	I	L	D	G	G	N	C	T	L	I	D	A	L	L	G	D	P	Q	C	D	G	F	Q	N	K	E	W	D	L	F	V	E	R	S	R	A	N	S	S	C	Y	P	Y	D	V	P	D	Y	A	S	L	R	S	L	V	A	S	S	G	T	L	E	F	K	D	E	S	F	N	W	T	G	V	K	Q	N	G	K	S	S	A	C	K	R	G	S	N	S	S	F	F	S	R	L	N	W	L	T	S	L	D	N	K	Y	P	A	Q	N	V	T	M	P	N	K	E	R	F	D	K	L	Y	I	W	G	V	H	H	P	D	T	D	R	N	Q	F	S	L	F	A	Q	S	S	G	R	I	T	V	S	T	K	R	S	Q	Q	A	V	I	P	N	I	G	S	R	P	R	V	R	D	I	P	S	R	I	S	I	Y	W	T	I	V	K	P	G	D	I	L	L	I	N	S	T	G	N	L	I	A	P	R	G	Y	F	K	I	R	S	G	K	S	S	I	M	R	S	D	A	P	I	G	E	C	K	S	E	C	I	T	P	N	G	S	I	P	N	D	K	P	F	Q	N	V	N	R	I	T	Y	G	A	C	P	R	Y	V	K	Q	S	T	L	K	L	A	T	G	M	R	N	V	P	E	K	Q	A	R	G	I	F	G	A	I	A	G	F	I	E	N	G	W	E	G	M	V	D	G	W	Y	G	F	R	H	Q	N	S	E	G	R	G	Q	A	A	D	L	K	S	T	Q	A	A	I	D	Q	I	N	G	K	L	N	R	L	I	G	K	T	N	E	K	F	H	Q	I	E	K	E	F	S	E	V	E	G	R	V	Q	D	L	E	K	Y	V	E	D	T	K	I	D	L	W	S	Y	N	A	E	L	L	V	A	L	E	N	Q	H	T	I	D	L	T	D	S	E	M	N	K	L	F	E	K	T	K	K	Q	L	R	E	N	A	E	D	M	G	N	G	C	F	K	I	Y	H	K	C	D	N	A	C	I	G	S	I	R	N	E	T	Y	D	H	N	V	Y	R	D	E	A	L	N	N	R	F	Q	I	K	G	V	E	L	K	S	G	Y	K	D	W	I	L	W	I	S	F	A	M	S	C	F	L	L	C	I	A	L	L	G	F	I	M	W	A	C	Q	K	G	N	I	R	C	N	I	C	I
1976	M	K	A	I	I	A	L	S	N	I	L	C	L	V	F	A	Q	N	I	P	G	N	D	N	S	T	A	T	L	C	L	G	H	H	A	V	P	N	G	T	I	V	K	T	I	T	N	D	R	I	E	V	T	N	A	T	E	L	V	Q	N	S	S	I	G	K	I	C	N	S	P	H	Q	I	L	D	G	G	N	C	T	L	I	D	A	L	L	G	D	P	Q	C	D	G	F	Q	N	K	E	W	D	L	F	V	E	R	S	R	A	N	S	S	C	Y	P	Y	D	V	P	D	Y	A	S	L	R	S	L	V	A	S	S	G	T	L	E	F	K	D	E	S	F	N	W	T	G	V	K	Q	N	G	K	S	S	A	C	K	R	G	S	N	S	S	F	F	S	R	L	N	W	L	T	S	L	D	N	K	Y	P	A	Q	N	V	T	M	P	N	K	E	R	F	D	K	L	Y	I	W	G	V	H	H	P	D	T	D	R	N	Q	F	S	L	F	A	Q	S	S	G	R	I	T	V	S	T	K	R	S	Q	Q	A	V	I	P	N	I	G	S	R	P	R	V	R	D	I	P	S	R	I	S	I	Y	W	T	I	V	K	P	G	D	I	L	L	I	N	S	T	G	N	L	I	A	P	R	G	Y	F	K	I	R	S	G	K	S	S	I	M	R	S	D	A	P	I	G	E	C	K	S	E	C	I	T	P	N	G	S	I	P	N	D	K	P	F	Q	N	V	N	R	I	T	Y	G	A	C	P	R	Y	V	K	Q	S	T	L	K	L	A	T	G	M	R	N	V	P	E	K	Q	A	R	G	I	F	G	A	I	A	G	F	I	E	N	G	W	E	G	M	V	D	G	W	Y	G	F	R	H	Q	N	S	E	G	R	G	Q	A	A	D	L	K	S	T	Q	A	A	I	D	Q	I	N	G	K	L	N	R	L	I	G	K	T	N	E	K	F	H	Q	I	E	K	E	F	S	E	V	E	G	R	V	Q	D	L	E	K	Y	V	E	D	T	K	I	D	L	W	S	Y	N	A	E	L	L	V	A	L	E	N	Q	H	T	I	D	L	T	D	S	E	M	N	K	L	F	E	K	T	K	K	Q	L	R	E	N	A	E	D	M	G	N	G	C	F	K	I	Y	H	K	C	D	N	A	C	I	G	S	I	R	N	E	T	Y	D	H	N	V	Y	R	D	E	A	L	N	N	R	F	Q	I	K	G	V	E	L	K	S	G	Y	K	D	W	I	L	W	I	S	F	A	M	S	C	F	L	L	C	I	A	L	L	G	F	I	M	W	A	C	Q	K	G	N	I	R	C	N	I	C	I
1977	M	K	A	I	I	A	L	S	N	I	L	C	L	V	F	A	Q	N	I	P	G	N	D	N	S	T	A	T	L	C	L	G	H	H	A	V	P	N	G	T	I	V	K	T	I	T	N	D	R	I	E	V	T	N	A	T	E	L	V	Q	N	S	S	I	G	K	I	C	N	S	P	H	Q	I	L	D	G	G	N	C	T	L	I	D	A	L	L	G	D	P	Q	C	D	G	F	Q	N	K	E	W	D	L	F	V	E	R	S	R	A	N	S	S	C	Y	P	Y	D	V	P	D	Y	A	S	L	R	S	L	V	A	S	S	G	T	L	E	F	K	D	E	S	F	N	W	T	G	V	K	Q	N	G	K	S	S	A	C	K	R	G	S	N	S	S	F	F	S	R	L	N	W	L	T	S	L	D	N	K	Y	P	A	Q	N	V	T	M	P	N	K	E	R	F	D	K	L	Y	I	W	G	V	H	H	P	D	T	D	R	N	Q	F	S	L	F	A	Q	S	S	G	R	I	T	V	S	T	K	R	S	Q	Q	A	V	I	P	N	I	G	S	R	P	R	V	R	D	I	P	S	R	I	S	I	Y	W	T	I	V	K	P	G	D	I	L	L	I	N	S	T	G	N	L	I	A	P	R	G	Y	F	K	I	R	S	G	K	S	S	I	M	R	S	D	A	P	I	G	E	C	K	S	E	C	I	T	P	N	G	S	I	P	N	D	K	P	F	Q	N	V	N	R	I	T	Y	G	A	C	P	R	Y	V	K	Q	S	T	L	K	L	A	T	G	M	R	N	V	P	E	K	Q	A	R	G	I	F	G	A	I	A	G	F	I	E	N	G	W	E	G	M	V	D	G	W	Y	G	F	R	H	Q	N	S	E	G	R	G	Q	A	A	D	L	K	S	T	Q	A	A	I	D	Q	I	N	G	K	L	N	R	L	I	G	K	T	N	E	K	F	H	Q	I	E	K	E	F	S	E	V	E	G	R	V	Q	D	L	E	K	Y	V	E	D	T	K	I	D	L	W	S	Y	N	A	E	L	L	V	A	L	E	N	Q	H	T	I	D	L	T	D	S	E	M	N	K	L	F	E	K	T	K	K	Q	L	R	E	N	A	E	D	M	G	N	G	C	F	K	I	Y	H	K	C	D	N	A	C	I	G	S	I	R	N	E	T	Y	D	H	N	V	Y	R	D	E	A	L	N	N	R	F	Q	I	K	G	V	E	L	K	S	G	Y	K	D	W	I	L	W	I	S	F	A	M	S	C	F	L	L	C	I	A	L	L	G	F	I	M	W	A	C	Q	K	G	N	I	R	C	N	I	C	I
1978	M	K	A	I	I	A	L	S	N	I	L	C	L	V	F	A	Q	N	I	P	G	N	D	N	S	T	A	T	L	C	L	G	H	H	A	V	P	N	G	T	I	V	K	T	I	T	N	D	R	I	E	V	T	N	A	T	E	L	V	Q	N	S	S	I	G	K	I	C	N	S	P	H	Q	I	L	D	G	G	N	C	T	L	I	D	A	L	L	G	D	P	Q	C	D	G	F	Q	N	K	E	W	D	L	F	V	E	R	S	R	A	N	S	S	C	Y	P	Y	D	V	P	D	Y	A	S	L	R	S	L	V	A	S	S	G	T	L	E	F	K	D	E	S	F	N	W	T	G	V	K	Q	N	G	K	S	S	A	C	K	R	G	S	N	S	S	F	F	S	R	L	N	W	L	T	S	L	D	N	K	Y	P	A	Q	N	V	T	M	P	N	K	E	R	F	D	K	L	Y	I	W	G	V	H	H	P	D	T	D	R	N	Q	F	S	L	F	A	Q	S	S	G	R	I	T	V	S	T	K	R	S	Q	Q	A	V	I	P	N	I	G	S	R	P	R	V	R	D	I	P	S	R	I	S	I	Y	W	T	I	V	K	P	G	D	I	L	L	I	N	S	T	G	N	L	I	A	P	R	G	Y	F	K	I	R	S	G	K	S	S	I	M	R	S	D	A	P	I	G	E	C	K	S	E	C	I	T	P	N	G	S	I	P	N	D	K	P	F	Q	N	V	N	R	I	T	Y	G	A	C	P	R	Y	V	K	Q	S	T	L	K	L	A	T	G	M	R	N	V	P	E	K	Q	A	R	G	I	F	G	A	I	A	G	F	I	E	N	G	W	E	G	M	V	D	G	W	Y	G	F	R	H	Q	N	S	E	G	R	G	Q	A	A	D	L	K	S	T	Q	A	A	I	D	Q	I	N	G	K	L	N	R	L	I	G	K	T	N	E	K	F	H	Q	I	E	K	E	F	S	E	V	E	G	R	V	Q	D	L	E	K	Y	V	E	D	T	K	I	D	L	W	S	Y	N	A	E	L	L	V	A	L	E	N	Q	H	T	I	D	L	T	D	S	E	M	N	K	L	F	E	K	T	K	K	Q	L	R	E	N	A	E	D	M	G	N	G	C	F	K	I	Y	H	K	C	D	N	A	C	I	G	S	I	R	N	E	T	Y	D	H	N	V	Y	R	D	E	A	L	N	N	R	F	Q	I	K	G	V	E	L	K	S	G	Y	K	D	W	I	L	W	I	S	F	A	M	S	C	F	L	L	C	I	A	L	L	G	F	I	M	W	A	C	Q	K	G	N	I	R	C	N	I	C	I
1979	M	K	A	I	I	A	L	S	N	I	L	C	L	V	F	A	Q	N	I	P	G	N	D	N	S	T	A	T	L	C	L	G	H	H	A	V	P	N	G	T	I	V	K	T	I	T	N	D	R	I	E	V	T	N	A	T	E	L	V	Q	N	S	S	I	G	K	I	C	N	S	P	H	Q	I	L	D	G	G	N	C	T	L	I	D	A	L	L	G	D	P	Q	C	D	G	F	Q	N	K	E	W	D	L	F	V	E	R	S	R	A	N	S	S	C	Y	P	Y	D	V	P	D	Y	A	S	L	R	S	L	V	A	S	S	G	T	L	E	F	K	D	E	S	F	N	W	T	G	V	K	Q	N	G	K	S	S	A	C	K	R	G	S	N	S	S	F	F	S	R	L	N	W	L	T	S	L	D	N	K	Y	P	A	Q	N	V	T	M	P	N	K	E	R	F	D	K	L	Y	I	W	G	V	H	H	P	D	T	D	R	N	Q	F	S	L	F	A	Q	S	S	G	R	I	T	V	S	T	K	R	S	Q	Q	A	V	I	P	N	I	G	S	R	P	R	V	R	D	I	P	S	R	I	S	I	Y	W	T	I	V	K	P	G	D	I	L	L	I	N	S	T	G	N	L	I	A	P	R	G	Y	F	K	I	R	S	G	K	S	S	I	M	R	S	D	A	P	I	G	E	C	K	S	E	C	I	T	P	N	G	S	I	P	N	D	K	P	F	Q	N	V	N	R	I	T	Y	G	A	C	P	R	Y	V	K	Q	S	T	L	K	L	A	T	G	M	R	N	V	P	E	K	Q	A	R	G	I	F	G	A	I	A	G	F	I	E	N	G	W	E	G	M	V	D	G	W	Y	G	F	R	H	Q	N	S	E	G	R	G	Q	A	A	D	L	K	S	T	Q	A	A	I	D	Q	I	N	G	K	L	N	R	L	I	G	K	T	N	E	K	F	H	Q	I	E	K	E	F	S	E	V	E	G	R	V	Q	D	L	E	K	Y	V	E	D	T	K	I	D	L	W	S	Y	N	A	E	L	L	V	A	L	E	N	Q	H	T	I	D	L	T	D	S	E	M	N	K	L	F	E	K	T	K	K	Q	L	R	E	N	A	E	D	M	G	N	G	C	F	K	I	Y	H	K	C	D	N	A	C	I	G	S	I	R	N	E	T	Y	D	H	N	V	Y	R	D	E	A	L	N	N	R	F	Q	I	K	G	V	E	L	K	S	G	Y	K	D	W	I	L	W	I	S	F	A	M	S	C	F	L	L	C	I	A	L	L	G	F	I	M	W	A	C	Q	K	G	N	I	R	C	N	I	C	I
1980	M	K	A	I	I	A	L	S	N	I	L	C	L	V	F	A	Q	N	I	P	G	N	D	N	S	T	A	T	L	C	L	G	H	H	A	V	P	N	G	T	I	V	K	T	I	T	N	D	R	I	E	V	T	N	A	T	E	L	V	Q	N	S	S	I	G	K	I	C	N	S	P	H	Q	I	L	D	G	G	N	C	T	L	I	D	A	L	L	G	D	P	Q	C	D	G	F	Q	N	K	E	W	D	L	F	V	E	R	S	R	A	N	S	S	C	Y	P	Y	D	V	P	D	Y	A	S	L	R	S	L	V	A	S	S	G	T	L	E	F	K	D	E	S	F	N	W	T	G	V	K	Q	N	G	K	S	S	A	C	K	R	G	S	N	S	S	F	F	S	R	L	N	W	L	T	S	L	D	N	K	Y	P	A	Q	N	V	T	M	P	N	K	E	R	F	D	K	L	Y	I	W	G	V	H	H	P	D	T	D	R	N	Q	F	S	L	F	A	Q	S	S	G	R	I	T	V	S	T	K	R	S	Q	Q	A	V	I	P	N	I	G	S	R	P	R	V	R	D	I	P	S	R	I	S	I	Y	W	T	I	V	K	P	G	D	I	L	L	I	N	S	T	G	N	L	I	A	P	R	G	Y	F	K	I	R	S	G	K	S	S	I	M	R	S	D	A	P	I	G	E	C	K	S	E	C	I	T	P	N	G	S	I	P	N	D	K	P	F	Q	N	V	N	R	I	T	Y	G	A	C	P	R	Y	V	K	Q	S	T	L	K	L	A	T	G	M	R	N	V	P	E	K	Q	A	R	G	I	F	G	A	I	A	G	F	I	E	N	G	W	E	G	M	V	D	G	W	Y	G	F	R	H	Q	N	S	E	G	R	G	Q	A	A	D	L	K	S	T	Q	A	A	I	D	Q	I	N	G	K	L	N	R	L	I	G	K	T	N	E	K	F	H	Q	I	E	K	E	F	S	E	V	E	G	R	V	Q	D	L	E	K	Y	V	E	D	T	K	I	D	L	W	S	Y	N	A	E	L	L	V	A	L	E	N	Q	H	T	I	D	L	T	D	S	E	M	N	K	L	F	E	K	T	K	K	Q	L	R	E	N	A	E	D	M	G	N	G	C	F	K	I	Y	H	K	C	D	N	A	C	I	G	S	I	R	N	E	T	Y	D	H	N	V	Y	R	D	E	A	L	N	N	R	F	Q	I	K	G	V	E	L	K	S	G	Y	K	D	W	I	L	W	I	S	F	A	M	S	C	F	L	L	C	I	A	L	L	G	F	I	M	W	A	C	Q	K	G	N	I	R	C	N	I	C	I
1981	M	K	A	I	I	A	L	S	N	I	L	C	L	V	F	A	Q	N	I	P	G	N	D	N	S	T	A	T	L	C	L	G	H	H	A	V	P	N	G	T	I	V	K	T	I	T	N	D	R	I	E	V	T	N	A	T	E	L	V	Q	N	S	S	I	G	K	I	C	N	S	P	H	Q	I	L	D	G	G	N	C	T	L	I	D	A	L	L	G	D	P	Q	C	D	G	F	Q	N	K	E	W	D	L	F	V	E	R	S	R	A	N	S	S	C	Y	P	Y	D	V	P	D	Y	A	S	L	R	S	L	V	A	S	S	G	T	L	E	F	K	D	E	S	F	N	W	T	G	V	K	Q	N	G	K	S	S	A	C	K	R	G	S	N	N	S	F	F	S	R	L	N	W	L	T	S	L	D	N	K	Y	P	A	Q	N	V	T	M	P	N	K	E	R	F	D	K	L	Y	I	W	G	V	H	H	P	D	T	D	R	N	Q	F	S	L	F	A	Q	S	S	G	R	I	T	V	S	T	K	R	S	Q	Q	A	V	I	P	N	I	G	S	R	P	R	V	R	D	I	P	S	R	I	S	I	Y	W	T	I	V	K	P	G	D	I	L	L	I	N	S	T	G	N	L	I	A	P	R	G	Y	F	K	I	R	S	G	K	S	S	I	M	R	S	D	A	P	I	G	E	C	K	S	E	C	I	T	P	N	G	S	I	P	N	D	K	P	F	Q	N	V	N	R	I	T	Y	G	A	C	P	R	Y	V	K	Q	S	T	L	K	L	A	T	G	M	R	N	V	P	E	K	Q	A	R	G	I	F	G	A	I	A	G	F	I	E	N	G	W	E	G	M	V	D	G	W	Y	G	F	R	H	Q	N	S	E	G	R	G	Q	A	A	D	L	K	S	T	Q	A	A	I	D	Q	I	N	G	K	L	N	R	L	I	G	K	T	N	E	K	F	H	Q	I	E	K	E	F	S	E	V	E	G	R	V	Q	D	L	E	K	Y	V	E	D	T	K	I	D	L	W	S	Y	N	A	E	L	L	V	A	L	E	N	Q	H	T	I	D	L	T	D	S	E	M	N	K	L	F	E	K	T	K	K	Q	L	R	E	N	A	E	D	M	G	N	G	C	F	K	I	Y	H	K	C	D	N	A	C	I	G	S	I	R	N	E	T	Y	D	H	N	V	Y	R	D	E	A	L	N	N	R	F	Q	I	K	G	V	E	L	K	S	G	Y	K	D	W	I	L	W	I	S	F	A	M	S	C	F	L	L	C	I	A	L	L	G	F	I	M	W	A	C	Q	K	G	N	I	R	C	N	I	C	I
1982	M	K	A	I	I	A	L	S	N	I	L	C	L	V	F	A	Q	N	I	P	G	N	D	N	S	T	A	T	L	C	L	G	H	H	A	V	P	N	G	T	I	V	K	T	I	T	N	D	R	I	E	V	T	N	A	T	E	L	V	Q	N	S	S	I	G	K	I	C	N	S	P	H	Q	I	L	D	G	G	N	C	T	L	I	D	A	L	L	G	D	P	Q	C	D	G	F	Q	N	K	E	W	D	L	F	V	E	R	S	R	A	N	S	S	C	Y	P	Y	D	V	P	D	Y	A	S	L	R	S	L	V	A	S	S	G	T	L	E	F	K	D	E	S	F	N	W	T	G	V	K	Q	N	G	K	S	S	A	C	K	R	G	S	N	S	S	F	F	S	R	L	N	W	L	T	S	L	D	N	K	Y	P	A	Q	N	V	T	M	P	N	K	E	R	F	D	K	L	Y	I	W	G	V	H	H	P	D	T	D	R	N	Q	F	S	L	F	A	Q	S	S	G	R	I	T	V	S	T	K	R	S	Q	Q	A	V	I	P	N	I	G	S	R	P	R	V	R	D	I	P	S	R	I	S	I	Y	W	T	I	V	K	P	G	D	I	L	L	I	N	S	T	G	N	L	I	A	P	R	G	Y	F	K	I	R	S	G	K	S	S	I	M	R	S	D	A	P	I	G	E	C	K	S	E	C	I	T	P	N	G	S	I	P	N	D	K	P	F	Q	N	V	N	R	I	T	Y	G	A	C	P	R	Y	V	K	Q	S	T	L	K	L	A	T	G	M	R	N	V	P	E	K	Q	A	R	G	I	F	G	A	I	A	G	F	I	E	N	G	W	E	G	M	V	D	G	W	Y	G	F	R	H	Q	N	S	E	G	R	G	Q	A	A	D	L	K	S	T	Q	A	A	I	D	Q	I	N	G	K	L	N	R	L	I	G	K	T	N	E	K	F	H	Q	I	E	K	E	F	S	E	V	E	G	R	V	Q	D	L	E	K	Y	V	E	D	T	K	I	D	L	W	S	Y	N	A	E	L	L	V	A	L	E	N	Q	H	T	I	D	L	T	D	S	E	M	N	K	L	F	E	K	T	K	K	Q	L	R	E	N	A	E	D	M	G	N	G	C	F	K	I	Y	H	K	C	D	N	A	C	I	G	S	I	R	N	E	T	Y	D	H	N	V	Y	R	D	E	A	L	N	N	R	F	Q	I	K	G	V	E	L	K	S	G	Y	K	D	W	I	L	W	I	S	F	A	M	S	C	F	L	L	C	I	A	L	L	G	F	I	M	W	A	C	Q	K	G	N	I	R	C	N	I	C	I
1983	M	K	A	I	I	A	L	S	N	I	L	C	L	V	F	A	Q	N	I	P	G	N	D	N	S	T	A	T	L	C	L	G	H	H	A	V	P	N	G	T	I	V	K	T	I	T	N	D	R	I	E	V	T	N	A	T	E	L	V	Q	N	S	S	I	G	K	I	C	N	S	P	H	Q	I	L	D	G	G	N	C	T	L	I	D	A	L	L	G	D	P	Q	C	D	G	F	Q	N	K	E	W	D	L	F	V	E	R	S	R	A	N	S	S	C	Y	P	Y	D	V	P	D	Y	A	S	L	R	S	L	V	A	S	S	G	T	L	E	F	K	D	E	S	F	N	W	T	G	V	K	Q	N	G	K	S	S	A	C	K	R	G	S	N	S	S	F	F	S	R	L	N	W	L	T	S	L	D	N	K	Y	P	A	Q	N	V	T	M	P	N	K	E	R	F	D	K	L	Y	I	W	G	V	H	H	P	D	T	D	R	N	Q	F	S	L	F	A	Q	S	S	G	R	I	T	V	S	T	K	R	S	Q	Q	A	V	I	P	N	I	G	S	R	P	R	V	R	D	I	P	S	R	I	S	I	Y	W	T	I	V	K	P	G	D	I	L	L	I	N	S	T	G	N	L	I	A	P	R	G	Y	F	K	I	R	S	G	K	S	S	I	M	R	S	D	A	P	I	G	E	C	K	S	E	C	I	T	P	N	G	S	I	P	N	D	K	P	F	Q	N	V	N	R	I	T	Y	G	A	C	P	R	Y	V	K	Q	S	T	L	K	L	A	T	G	M	R	N	V	P	E	K	Q	A	R	G	I	F	G	A	I	A	G	F	I	E	N	G	W	E	G	M	V	D	G	W	Y	G	F	R	H	Q	N	S	E	G	R	G	Q	A	A	D	L	K	S	T	Q	A	A	I	D	Q	I	N	G	K	L	N	R	L	I	G	K	T	N	E	K	F	H	Q	I	E	K	E	F	S	E	V	E	G	R	V	Q	D	L	E	K	Y	V	E	D	T	K	I	D	L	W	S	Y	N	A	E	L	L	V	A	L	E	N	Q	H	T	I	D	L	T	D	S	E	M	N	K	L	F	E	K	T	K	K	Q	L	R	E	N	A	E	D	M	G	N	G	C	F	K	I	Y	H	K	C	D	N	A	C	I	G	S	I	R	N	E	T	Y	D	H	N	V	Y	R	D	E	A	L	N	N	R	F	Q	I	K	G	V	E	L	K	S	G	Y	K	D	W	I	L	W	I	S	F	A	M	S	C	F	L	L	C	I	A	L	L	G	F	I	M	W	A	C	Q	K	G	N	I	R	C	N	I	C	I
1984	M	K	A	I	I	A	L	S	N	I	L	C	L	V	F	A	Q	N	I	P	G	N	D	N	S	T	A	T	L	C	L	G	H	H	A	V	P	N	G	T	I	V	K	T	I	T	N	D	R	I	E	V	T	N	A	T	E	L	V	Q	N	S	S	I	G	K	I	C	N	S	P	H	Q	I	L	D	G	G	N	C	T	L	I	D	A	L	L	G	D	P	Q	C	D	G	F	Q	N	K	E	W	D	L	F	V	E	R	S	R	A	N	S	S	C	Y	P	Y	D	V	P	D	Y	A	S	L	R	S	L	V	A	S	S	G	T	L	E	F	K	D	E	S	F	N	W	T	G	V	K	Q	N	G	K	S	S	A	C	K	R	G	S	N	S	S	F	F	S	R	L	N	W	L	T	S	L	D	N	K	Y	P	A	Q	N	V	T	M	P	N	K	E	R	F	D	K	L	Y	I	W	G	V	H	H	P	D	T	D	R	N	Q	F	S	L	F	A	Q	S	S	G	R	I	T	V	S	T	K	R	S	Q	Q	A	V	I	P	N	I	G	S	R	P	R	V	R	D	I	P	S	R	I	S	I	Y	W	T	I	V	K	P	G	D	I	L	L	I	N	S	T	G	N	L	I	A	P	R	G	Y	F	K	I	R	S	G	K	S	S	I	M	R	S	D	A	P	I	G	E	C	K	S	E	C	I	T	P	N	G	S	I	P	N	D	K	P	F	Q	N	V	N	R	I	T	Y	G	A	C	P	R	Y	V	K	Q	S	T	L	K	L	A	T	G	M	R	N	V	P	E	K	Q	A	R	G	I	F	G	A	I	A	G	F	I	E	N	G	W	E	G	M	V	D	G	W	Y	G	F	R	H	Q	N	S	E	G	R	G	Q	A	A	D	L	K	S	T	Q	A	A	I	D	Q	I	N	G	K	L	N	R	L	I	G	K	T	N	E	K	F	H	Q	I	E	K	E	F	S	E	V	E	G	R	V	Q	D	L	E	K	Y	V	E	D	T	K	I	D	L	W	S	Y	N	A	E	L	L	V	A	L	E	N	Q	H	T	I	D	L	T	D	S	E	M	N	K	L	F	E	K	T	K	K	Q	L	R	E	N	A	E	D	M	G	N	G	C	F	K	I	Y	H	K	C	D	N	A	C	I	G	S	I	R	N	E	T	Y	D	H	N	V	Y	R	D	E	A	L	N	N	R	F	Q	I	K	G	V	E	L	K	S	G	Y	K	D	W	I	L	W	I	S	F	A	M	S	C	F	L	L	C	I	A	L	L	G	F	I	M	W	A	C	Q	K	G	N	I	R	C	N	I	C	I
1985	M	K	A	I	I	A	L	S	N	I	L	C	L	V	F	A	Q	N	I	P	G	N	D	N	S	T	A	T	L	C	L	G	H	H	A	V	P	N	G	T	I	V	K	T	I	T	N	D	R	I	E	V	T	N	A	T	E	L	V	Q	N	S	S	I	G	K	I	C	N	S	P	H	Q	I	L	D	G	G	N	C	T	L	I	D	A	L	L	G	D	P	Q	C	D	G	F	Q	N	K	E	W	D	L	F	V	E	R	S	R	A	N	S	S	C	Y	P	Y	D	V	P	D	Y	A	S	L	R	S	L	V	A	S	S	G	T	L	E	F	K	D	E	S	F	N	W	T	G	V	K	Q	N	G	K	S	S	A	C	K	R	G	S	N	S	S	F	F	S	R	L	N	W	L	T	S	L	D	N	K	Y	P	A	Q	N	V	T	M	P	N	K	E	R	F	D	K	L	Y	I	W	G	V	H	H	P	D	T	D	R	N	Q	F	S	L	F	A	Q	S	S	G	R	I	T	V	S	T	K	R	S	Q	Q	A	V	I	P	N	I	G	S	R	P	R	V	R	D	I	P	S	R	I	S	I	Y	W	T	I	V	K	P	G	D	I	L	L	I	N	S	T	G	N	L	I	A	P	R	G	Y	F	K	I	R	S	G	K	S	S	I	M	R	S	D	A	P	I	G	E	C	K	S	E	C	I	T	P	N	G	S	I	P	N	D	K	P	F	Q	N	V	N	R	I	T	Y	G	A	C	P	R	Y	V	K	Q	S	T	L	K	L	A	T	G	M	R	N	V	P	E	K	Q	A	R	G	I	F	G	A	I	A	G	F	I	E	N	G	W	E	G	M	V	D	G	W	Y	G	F	R	H	Q	N	S	E	G	R	G	Q	A	A	D	L	K	S	T	Q	A	A	I	D	Q	I	N	G	K	L	N	R	L	I	G	K	T	N	E	K	F	H	Q	I	E	K	E	F	S	E	V	E	G	R	V	Q	D	L	E	K	Y	V	E	D	T	K	I	D	L	W	S	Y	N	A	E	L	L	V	A	L	E	N	Q	H	T	I	D	L	T	D	S	E	M	N	K	L	F	E	K	T	K	K	Q	L	R	E	N	A	E	D	M	G	N	G	C	F	K	I	Y	H	K	C	D	N	A	C	I	G	S	I	R	N	E	T	Y	D	H	N	V	Y	R	D	E	A	L	N	N	R	F	Q	I	K	G	V	E	L	K	S	G	Y	K	D	W	I	L	W	I	S	F	A	M	S	C	F	L	L	C	I	A	L	L	G	F	I	M	W	A	C	Q	K	G	N	I	R	C	N	I	C	I
1986	M	K	A	I	I	A	L	S	N	I	L	C	L	V	F	A	Q	N	I	P	G	N	D	N	S	T	A	T	L	C	L	G	H	H	A	V	P	N	G	T	I	V	K	T	I	T	N	D	R	I	E	V	T	N	A	T	E	L	V	Q	N	S	S	I	G	K	I	C	N	S	P	H	Q	I	L	D	G	G	N	C	T	L	I	D	A	L	L	G	D	P	Q	C	D	G	F	Q	N	K	E	W	D	L	F	V	E	R	S	R	A	N	S	S	C	Y	P	Y	D	V	P	D	Y	A	S	L	R	S	L	V	A	S	S	G	T	L	E	F	K	D	E	S	F	N	W	T	G	V	K	Q	N	G	K	S	S	A	C	K	R	G	S	N	S	S	F	F	S	R	L	N	W	L	T	S	L	D	N	K	Y	P	A	Q	N	V	T	M	P	N	K	E	R	F	D	K	L	Y	I	W	G	V	H	H	P	D	T	D	R	N	Q	F	S	L	F	A	Q	S	S	G	R	I	T	V	S	T	K	R	S	Q	Q	A	V	I	P	N	I	G	S	R	P	R	V	R	D	I	P	S	R	I	S	I	Y	W	T	I	V	K	P	G	D	I	L	L	I	N	S	T	G	N	L	I	A	P	R	G	Y	F	K	I	R	S	G	K	S	S	I	M	R	S	D	A	P	I	G	E	C	K	S	E	C	I	T	P	N	G	S	I	P	N	D	K	P	F	Q	N	V	N	R	I	T	Y	G	A	C	P	R	Y	V	K	Q	S	T	L	K	L	A	T	G	M	R	N	V	P	E	K	Q	A	R	G	I	F	G	A	I	A	G	F	I	E	N	G	W	E	G	M	V	D	G	W	Y	G	F	R	H	Q	N	S	E	G	R	G	Q	A	A	D	L	K	S	T	Q	A	A	I	D	Q	I	N	G	K	L	N	R	L	I	G	K	T	N	E	K	F	H	Q	I	E	K	E	F	S	E	V	E	G	R	V	Q	D	L	E	K	Y	V	E	D	T	K	I	D	L	W	S	Y	N	A	E	L	L	V	A	L	E	N	Q	H	T	I	D	L	T	D	S	E	M	N	K	L	F	E	K	T	K	K	Q	L	R	E	N	A	E	D	M	G	N	G	C	F	K	I	Y	H	K	C	D	N	A	C	I	G	S	I	R	N	E	T	Y	D	H	N	V	Y	R	D	E	A	L	N	N	R	F	Q	I	K	G	V	E	L	K	S	G	Y	K	D	W	I	L	W	I	S	F	A	M	S	C	F	L	L	C	I	A	L	L	G	F	I	M	W	A	C	Q	K	G	N	I	R	C	N	I	C	I
1987	M	K	A	I	I	A	L	S	N	I	L	C	L	V	F	A	Q	N	I	P	G	N	D	N	S	T	A	T	L	C	L	G	H	H	A	V	P	N	G	T	I	V	K	T	I	T	N	D	R	I	E	V	T	N	A	T	E	L	V	Q	N	S	S	I	G	K	I	C	N	S	P	H	Q	I	L	D	G	G	N	C	T	L	I	D	A	L	L	G	D	P	Q	C	D	G	F	Q	N	K	E	W	D	L	F	V	E	R	S	R	A	N	S	S	C	Y	P	Y	D	V	P	D	Y	A	S	L	R	S	L	V	A	S	S	G	T	L	E	F	K	D	E	S	F	N	W	T	G	V	K	Q	N	G	K	S	S	A	C	K	R	G	S	N	S	S	F	F	S	R	L	N	W	L	T	S	L	D	N	K	Y	P	A	Q	N	V	T	M	P	N	K	E	R	F	D	K	L	Y	I	W	G	V	H	H	P	D	T	D	R	N	Q	F	S	L	F	A	Q	S	S	G	R	I	T	V	S	T	K	R	S	Q	Q	A	V	I	P	N	I	G	S	R	P	R	V	R	D	I	P	S	R	I	S	I	Y	W	T	I	V	K	P	G	D	I	L	L	I	N	S	T	G	N	L	I	A	P	R	G	Y	F	K	I	R	S	G	K	S	S	I	M	R	S	D	A	P	I	G	E	C	K	S	E	C	I	T	P	N	G	S	I	P	N	D	K	P	F	Q	N	V	N	R	I	T	Y	G	A	C	P	R	Y	V	K	Q	S	T	L	K	L	A	T	G	M	R	N	V	P	E	K	Q	A	R	G	I	F	G	A	I	A	G	F	I	E	N	G	W	E	G	M	V	D	G	W	Y	G	F	R	H	Q	N	S	E	G	R	G	Q	A	A	D	L	K	S	T	Q	A	A	I	D	Q	I	N	G	K	L	N	R	L	I	G	K	T	N	E	K	F	H	Q	I	E	K	E	F	S	E	V	E	G	R	V	Q	D	L	E	K	Y	V	E	D	T	K	I	D	L	W	S	Y	N	A	E	L	L	V	A	L	E	N	Q	H	T	I	D	L	T	D	S	E	M	N	K	L	F	E	K	T	K	K	Q	L	R	E	N	A	E	D	M	G	N	G	C	F	K	I	Y	H	K	C	D	N	A	C	I	G	S	I	R	N	E	T	Y	D	H	N	V	Y	R	D	E	A	L	N	N	R	F	Q	I	K	G	V	E	L	K	S	G	Y	K	D	W	I	L	W	I	S	F	A	M	S	C	F	L	L	C	I	A	L	L	G	F	I	M	W	A	C	Q	K	G	N	I	R	C	N	I	C	I
1988	M	K	A	I	I	A	L	S	N	I	L	C	L	V	F	A	Q	N	I	P	G	N	D	N	S	T	A	T	L	C	L	G	H	H	A	V	P	N	G	T	I	V	K	T	I	T	N	D	R	I	E	V	T	N	A	T	E	L	V	Q	N	S	S	I	G	K	I	C	N	S	P	H	Q	I	L	D	G	G	N	C	T	L	I	D	A	L	L	G	D	P	Q	C	D	G	F	Q	N	K	E	W	D	L	F	V	E	R	S	R	A	N	S	S	C	Y	P	Y	D	V	P	D	Y	A	S	L	R	S	L	V	A	S	S	G	T	L	E	F	K	D	E	S	F	N	W	T	G	V	K	Q	N	G	K	S	S	A	C	K	R	G	S	N	S	S	F	F	S	R	L	N	W	L	T	S	L	D	N	K	Y	P	A	Q	N	V	T	M	P	N	K	E	R	F	D	K	L	Y	I	W	G	V	H	H	P	D	T	D	R	N	Q	F	S	L	F	A	Q	S	S	G	R	I	T	V	S	T	K	R	S	Q	Q	A	V	I	P	N	I	G	S	R	P	R	V	R	D	I	P	S	R	I	S	I	Y	W	T	I	V	K	P	G	D	I	L	L	I	N	S	T	G	N	L	I	A	P	R	G	Y	F	K	I	R	S	G	K	S	S	I	M	R	S	D	A	P	I	G	E	C	K	S	E	C	I	T	P	N	G	S	I	P	N	D	K	P	F	Q	N	V	N	R	I	T	Y	G	A	C	P	R	Y	V	K	Q	S	T	L	K	L	A	T	G	M	R	N	V	P	E	K	Q	A	R	G	I	F	G	A	I	A	G	F	I	E	N	G	W	E	G	M	V	D	G	W	Y	G	F	R	H	Q	N	S	E	G	R	G	Q	A	A	D	L	K	S	T	Q	A	A	I	D	Q	I	N	G	K	L	N	R	L	I	G	K	T	N	E	K	F	H	Q	I	E	K	E	F	S	E	V	E	G	R	V	Q	D	L	E	K	Y	V	E	D	T	K	I	D	L	W	S	Y	N	A	E	L	L	V	A	L	E	N	Q	H	T	I	D	L	T	D	S	E	M	N	K	L	F	E	K	T	K	K	Q	L	R	E	N	A	E	D	M	G	N	G	C	F	K	I	Y	H	K	C	D	N	A	C	I	G	S	I	R	N	E	T	Y	D	H	N	V	Y	R	D	E	A	L	N	N	R	F	Q	I	K	G	V	E	L	K	S	G	Y	K	D	W	I	L	W	I	S	F	A	M	S	C	F	L	L	C	I	A	L	L	G	F	I	M	W	A	C	Q	K	G	N	I	R	C	N	I	C	I
1989	M	K	A	I	I	A	L	S	N	I	L	C	L	V	F	A	Q	N	I	P	G	N	D	N	S	T	A	T	L	C	L	G	H	H	A	V	P	N	G	T	I	V	K	T	I	T	N	D	R	I	E	V	T	N	A	T	E	L	V	Q	N	S	S	I	G	K	I	C	N	S	P	H	Q	I	L	D	G	G	N	C	T	L	I	D	A	L	L	G	D	P	Q	C	D	G	F	Q	N	K	E	W	D	L	F	V	E	R	S	R	A	N	S	S	C	Y	P	Y	D	V	P	D	Y	A	S	L	R	S	L	V	A	S	S	G	T	L	E	F	K	D	E	S	F	N	W	T	G	V	K	Q	N	G	K	S	S	A	C	K	R	G	S	N	S	S	F	F	S	R	L	N	W	L	T	S	L	D	N	K	Y	P	A	Q	N	V	T	M	P	N	K	E	R	F	D	K	L	Y	I	W	G	V	H	H	P	D	T	D	R	N	Q	F	S	L	F	A	Q	S	S	G	R	I	T	V	S	T	K	R	S	Q	Q	A	V	I	P	N	I	G	S	R	P	R	V	R	D	I	P	S	R	I	S	I	Y	W	T	I	V	K	P	G	D	I	L	L	I	N	S	T	G	N	L	I	A	P	R	G	Y	F	K	I	R	S	G	K	S	S	I	M	R	S	D	A	P	I	G	E	C	K	S	E	C	I	T	P	N	G	S	I	P	N	D	K	P	F	Q	N	V	N	R	I	T	Y	G	A	C	P	R	Y	V	K	Q	S	T	L	K	L	A	T	G	M	R	N	V	P	E	K	Q	A	R	G	I	F	G	A	I	A	G	F	I	E	N	G	W	E	G	M	V	D	G	W	Y	G	F	R	H	Q	N	S	E	G	R	G	Q	A	A	D	L	K	S	T	Q	A	A	I	D	Q	I	N	G	K	L	N	R	L	I	G	K	T	N	E	K	F	H	Q	I	E	K	E	F	S	E	V	E	G	R	V	Q	D	L	E	K	Y	V	E	D	T	K	I	D	L	W	S	Y	N	A	E	L	L	V	A	L	E	N	Q	H	T	I	D	L	T	D	S	E	M	N	K	L	F	E	K	T	K	K	Q	L	R	E	N	A	E	D	M	G	N	G	C	F	K	I	Y	H	K	C	D	N	A	C	I	G	S	I	R	N	E	T	Y	D	H	N	V	Y	R	D	E	A	L	N	N	R	F	Q	I	K	G	V	E	L	K	S	G	Y	K	D	W	I	L	W	I	S	F	A	M	S	C	F	L	L	C	I	A	L	L	G	F	I	M	W	A	C	Q	K	G	N	I	R	C	N	I	C	I
1990	M	K	A	I	I	A	L	S	N	I	L	C	L	V	F	A	Q	N	I	P	G	N	D	N	S	T	A	T	L	C	L	G	H	H	A	V	P	N	G	T	I	V	K	T	I	T	N	D	R	I	E	V	T	N	A	T	E	L	V	Q	N	S	S	I	G	K	I	C	N	S	P	H	Q	I	L	D	G	G	N	C	T	L	I	D	A	L	L	G	D	P	Q	C	D	G	F	Q	N	K	E	W	D	L	F	V	E	R	S	R	A	N	S	S	C	Y	P	Y	D	V	P	D	Y	A	S	L	R	S	L	V	A	S	S	G	T	L	E	F	K	D	E	S	F	N	W	T	G	V	K	Q	N	G	K	S	S	A	C	K	R	G	S	N	S	S	F	F	S	R	L	N	W	L	T	S	L	D	N	K	Y	P	A	Q	N	V	T	M	P	N	K	E	R	F	D	K	L	Y	I	W	G	V	H	H	P	D	T	D	R	N	Q	F	S	L	F	A	Q	S	S	G	R	I	T	V	S	T	K	R	S	Q	Q	A	V	I	P	N	I	G	S	R	P	R	V	R	D	I	P	S	R	I	S	I	Y	W	T	I	V	K	P	G	D	I	L	L	I	N	S	T	G	N	L	I	A	P	R	G	Y	F	K	I	R	S	G	K	S	S	I	M	R	S	D	A	P	I	G	E	C	K	S	E	C	I	T	P	N	G	S	I	P	N	D	K	P	F	Q	N	V	N	R	I	T	Y	G	A	C	P	R	Y	V	K	Q	S	T	L	K	L	A	T	G	M	R	N	V	P	E	K	Q	A	R	G	I	F	G	A	I	A	G	F	I	E	N	G	W	E	G	M	V	D	G	W	Y	G	F	R	H	Q	N	S	E	G	R	G	Q	A	A	D	L	K	S	T	Q	A	A	I	D	Q	I	N	G	K	L	N	R	L	I	G	K	T	N	E	K	F	H	Q	I	E	K	E	F	S	E	V	E	G	R	V	Q	D	L	E	K	Y	V	E	D	T	K	I	D	L	W	S	Y	N	A	E	L	L	V	A	L	E	N	Q	H	T	I	D	L	T	D	S	E	M	N	K	L	F	E	K	T	K	K	Q	L	R	E	N	A	E	D	M	G	N	G	C	F	K	I	Y	H	K	C	D	N	A	C	I	G	S	I	R	N	E	T	Y	D	H	N	V	Y	R	D	E	A	L	N	N	R	F	Q	I	K	G	V	E	L	K	S	G	Y	K	D	W	I	L	W	I	S	F	A	M	S	C	F	L	L	C	I	A	L	L	G	F	I	M	W	A	C	Q	K	G	N	I	R	C	N	I	C	I
1991	M	K	A	I	I	A	L	S	N	I	L	C	L	V	F	A	Q	N	I	P	G	N	D	N	S	T	A	T	L	C	L	G	H	H	A	V	P	N	G	T	I	V	K	T	I	T	N	D	R	I	E	V	T	N	A	T	E	L	V	Q	N	S	S	I	G	K	I	C	N	S	P	H	Q	I	L	D	G	G	N	C	T	L	I	D	A	L	L	G	D	P	Q	C	D	G	F	Q	N	K	E	W	D	L	F	V	E	R	S	R	A	N	S	S	C	Y	P	Y	D	V	P	D	Y	A	S	L	R	S	L	V	A	S	S	G	T	L	E	F	K	D	E	S	F	N	W	T	G	V	K	Q	N	G	K	S	S	A	C	K	R	G	S	N	S	S	F	F	S	R	L	N	W	L	T	S	L	D	N	K	Y	P	A	Q	N	V	T	M	P	N	K	E	R	F	D	K	L	Y	I	W	G	V	H	H	P	D	T	D	R	N	Q	F	S	L	F	A	Q	S	S	G	R	I	T	V	S	T	K	R	S	Q	Q	A	V	I	P	N	I	G	S	R	P	R	V	R	D	I	P	S	R	I	S	I	Y	W	T	I	V	K	P	G	D	I	L	L	I	N	S	T	G	N	L	I	A	P	R	G	Y	F	K	I	R	S	G	K	S	S	I	M	R	S	D	A	P	I	G	E	C	K	S	E	C	I	T	P	N	G	S	I	P	N	D	K	P	F	Q	N	V	N	R	I	T	Y	G	A	C	P	R	Y	V	K	Q	S	T	L	K	L	A	T	G	M	R	N	V	P	E	K	Q	A	R	G	I	F	G	A	I	A	G	F	I	E	N	G	W	E	G	M	V	D	G	W	Y	G	F	R	H	Q	N	S	E	G	R	G	Q	A	A	D	L	K	S	T	Q	A	A	I	D	Q	I	N	G	K	L	N	R	L	I	G	K	T	N	E	K	F	H	Q	I	E	K	E	F	S	E	V	E	G	R	V	Q	D	L	E	K	Y	V	E	D	T	K	I	D	L	W	S	Y	N	A	E	L	L	V	A	L	E	N	Q	H	T	I	D	L	T	D	S	E	M	N	K	L	F	E	K	T	K	K	Q	L	R	E	N	A	E	D	M	G	N	G	C	F	K	I	Y	H	K	C	D	N	A	C	I	G	S	I	R	N	E	T	Y	D	H	N	V	Y	R	D	E	A	L	N	N	R	F	Q	I	K	G	V	E	L	K	S	G	Y	K	D	W	I	L	W	I	S	F	A	M	S	C	F	L	L	C	I	A	L	L	G	F	I	M	W	A	C	Q	K	G	N	I	R	C	N	I	C	I
1992	M	K	A	I	I	A	L	S	N	I	L	C	L	V	F	A	Q	N	I	P	G	N	D	N	S	T	A	T	L	C	L	G	H	H	A	V	P	N	G	T	I	V	K	T	I	T	N	D	R	I	E	V	T	N	A	T	E	L	V	Q	N	S	S	I	G	K	I	C	N	S	P	H	Q	I	L	D	G	G	N	C	T	L	I	D	A	L	L	G	D	P	Q	C	D	G	F	Q	N	K	E	W	D	L	F	V	E	R	S	R	A	N	S	S	C	Y	P	Y	D	V	P	D	Y	A	S	L	R	S	L	V	A	S	S	G	T	L	E	F	K	D	E	S	F	N	W	T	G	V	K	Q	N	G	K	S	S	A	C	K	R	G	S	N	S	S	F	F	S	R	L	N	W	L	T	S	L	D	N	K	Y	P	A	Q	N	V	T	M	P	N	K	E	R	F	D	K	L	Y	I	W	G	V	H	H	P	D	T	D	R	N	Q	F	S	L	F	A	Q	S	S	G	R	I	T	V	S	T	K	R	S	Q	Q	A	V	I	P	N	I	G	S	R	P	R	V	R	D	I	P	S	R	I	S	I	Y	W	T	I	V	K	P	G	D	I	L	L	I	N	S	T	G	N	L	I	A	P	R	G	Y	F	K	I	R	S	G	K	S	S	I	M	R	S	D	A	P	I	G	E	C	K	S	E	C	I	T	P	N	G	S	I	P	N	D	K	P	F	Q	N	V	N	R	I	T	Y	G	A	C	P	R	Y	V	K	Q	S	T	L	K	L	A	T	G	M	R	N	V	P	E	K	Q	A	R	G	I	F	G	A	I	A	G	F	I	E	N	G	W	E	G	M	V	D	G	W	Y	G	F	R	H	Q	N	S	E	G	R	G	Q	A	A	D	L	K	S	T	Q	A	A	I	D	Q	I	N	G	K	L	N	R	L	I	G	K	T	N	E	K	F	H	Q	I	E	K	E	F	S	E	V	E	G	R	V	Q	D	L	E	K	Y	V	E	D	T	K	I	D	L	W	S	Y	N	A	E	L	L	V	A	L	E	N	Q	H	T	I	D	L	T	D	S	E	M	N	K	L	F	E	K	T	K	K	Q	L	R	E	N	A	E	D	M	G	N	G	C	F	K	I	Y	H	K	C	D	N	A	C	I	G	S	I	R	N	E	T	Y	D	H	N	V	Y	R	D	E	A	L	N	N	R	F	Q	I	K	G	V	E	L	K	S	G	Y	K	D	W	I	L	W	I	S	F	A	M	S	C	F	L	L	C	I	A	L	L	G	F	I	M	W	A	C	Q	K	G	N	I	R	C	N	I	C	I
1993	M	K	A	I	I	A	L	S	N	I	L	C	L	V	F	A	Q	N	I	P	G	N	D	N	S	T	A	T	L	C	L	G	H	H	A	V	P	N	G	T	I	V	K	T	I	T	N	D	R	I	E	V	T	N	A	T	E	L	V	Q	N	S	S	I	G	K	I	C	N	S	P	H	Q	I	L	D	G	G	N	C	T	L	I	D	A	L	L	G	D	P	Q	C	D	G	F	Q	N	K	E	W	D	L	F	V	E	R	S	R	A	N	S	S	C	Y	P	Y	D	V	P	D	Y	A	S	L	R	S	L	V	A	S	S	G	T	L	E	F	K	D	E	S	F	N	W	T	G	V	K	Q	N	G	K	S	S	A	C	K	R	G	S	N	S	S	F	F	S	R	L	N	W	L	T	S	L	D	N	K	Y	P	A	Q	N	V	T	M	P	N	K	E	R	F	D	K	L	Y	I	W	G	V	H	H	P	D	T	D	R	N	Q	F	S	L	F	A	Q	S	S	G	R	I	T	V	S	T	K	R	S	Q	Q	A	V	I	P	N	I	G	S	R	P	R	V	R	D	I	P	S	R	I	S	I	Y	W	T	I	V	K	P	G	D	I	L	L	I	N	S	T	G	N	L	I	A	P	R	G	Y	F	K	I	R	S	G	K	S	S	I	M	R	S	D	A	P	I	G	E	C	K	S	E	C	I	T	P	N	G	S	I	P	N	D	K	P	F	Q	N	V	N	R	I	T	Y	G	A	C	P	R	Y	V	K	Q	S	T	L	K	L	A	T	G	M	R	N	V	P	E	K	Q	A	R	G	I	F	G	A	I	A	G	F	I	E	N	G	W	E	G	M	V	D	G	W	Y	G	F	R	H	Q	N	S	E	G	R	G	Q	A	A	D	L	K	S	T	Q	A	A	I	D	Q	I	N	G	K	L	N	R	L	I	G	K	T	N	E	K	F	H	Q	I	E	K	E	F	S	E	V	E	G	R	V	Q	D	L	E	K	Y	V	E	D	T	K	I	D	L	W	S	Y	N	A	E	L	L	V	A	L	E	N	Q	H	T	I	D	L	T	D	S	E	M	N	K	L	F	E	K	T	K	K	Q	L	R	E	N	A	E	D	M	G	N	G	C	F	K	I	Y	H	K	C	D	N	A	C	I	G	S	I	R	N	E	T	Y	D	H	N	V	Y	R	D	E	A	L	N	N	R	F	Q	I	K	G	V	E	L	K	S	G	Y	K	D	W	I	L	W	I	S	F	A	M	S	C	F	L	L	C	I	A	L	L	G	F	I	M	W	A	C	Q	K	G	N	I	R	C	N	I	C	I
1994	M	K	A	I	I	A	L	S	N	I	L	C	L	V	F	A	Q	N	I	P	G	N	D	N	S	T	A	T	L	C	L	G	H	H	A	V	P	N	G	T	I	V	K	T	I	T	N	D	R	I	E	V	T	N	A	T	E	L	V	Q	N	S	S	I	G	K	I	C	N	S	P	H	Q	I	L	D	G	G	N	C	T	L	I	D	A	L	L	G	D	P	Q	C	D	G	F	Q	N	K	E	W	D	L	F	V	E	R	S	R	A	N	S	S	C	Y	P	Y	D	V	P	D	Y	A	S	L	R	S	L	V	A	S	S	G	T	L	E	F	K	D	E	S	F	N	W	T	G	V	K	Q	N	G	K	S	S	A	C	K	R	G	S	N	S	S	F	F	S	R	L	N	W	L	T	S	L	D	N	K	Y	P	A	Q	N	V	T	M	P	N	K	E	R	F	D	K	L	Y	I	W	G	V	H	H	P	D	T	D	R	N	Q	F	S	L	F	A	Q	S	S	G	R	I	T	V	S	T	K	R	S	Q	Q	A	V	I	P	N	I	G	S	R	P	R	V	R	D	I	P	S	R	I	S	I	Y	W	T	I	V	K	P	G	D	I	L	L	I	N	S	T	G	N	L	I	A	P	R	G	Y	F	K	I	R	S	G	K	S	S	I	M	R	S	D	A	P	I	G	E	C	K	S	E	C	I	T	P	N	G	S	I	P	N	D	K	P	F	Q	N	V	N	R	I	T	Y	G	A	C	P	R	Y	V	K	Q	S	T	L	K	L	A	T	G	M	R	N	V	P	E	K	Q	A	R	G	I	F	G	A	I	A	G	F	I	E	N	G	W	E	G	M	V	D	G	W	Y	G	F	R	H	Q	N	S	E	G	R	G	Q	A	A	D	L	K	S	T	Q	A	A	I	D	Q	I	N	G	K	L	N	R	L	I	G	K	T	N	E	K	F	H	Q	I	E	K	E	F	S	E	V	E	G	R	V	Q	D	L	E	K	Y	V	E	D	T	K	I	D	L	W	S	Y	N	A	E	L	L	V	A	L	E	N	Q	H	T	I	D	L	T	D	S	E	M	N	K	L	F	E	K	T	K	K	Q	L	R	E	N	A	E	D	M	G	N	G	C	F	K	I	Y	H	K	C	D	N	A	C	I	G	S	I	R	N	E	T	Y	D	H	N	V	Y	R	D	E	A	L	N	N	R	F	Q	I	K	G	V	E	L	K	S	G	Y	K	D	W	I	L	W	I	S	F	A	M	S	C	F	L	L	C	I	A	L	L	G	F	I	M	W	A	C	Q	K	G	N	I	R	C	N	I	C	I
1995	M	K	A	I	I	A	L	S	N	I	L	C	L	V	F	A	Q	N	I	P	G	N	D	N	S	T	A	T	L	C	L	G	H	H	A	V	P	N	G	T	I	V	K	T	I	T	N	D	R	I	E	V	T	N	A	T	E	L	V	Q	N	S	S	I	G	K	I	C	N	S	P	H	Q	I	L	D	G	G	N	C	T	L	I	D	A	L	L	G	D	P	Q	C	D	G	F	Q	N	K	E	W	D	L	F	V	E	R	S	R	A	N	S	S	C	Y	P	Y	D	V	P	D	Y	A	S	L	R	S	L	V	A	S	S	G	T	L	E	F	K	D	E	S	F	N	W	T	G	V	K	Q	N	G	K	S	S	A	C	K	R	G	S	N	S	S	F	F	S	R	L	N	W	L	T	S	L	D	N	K	Y	P	A	Q	N	V	T	M	P	N	K	E	R	F	D	K	L	Y	I	W	G	V	H	H	P	D	T	D	R	N	Q	F	S	L	F	A	Q	S	S	G	R	I	T	V	S	T	K	R	S	Q	Q	A	V	I	P	N	I	G	S	R	P	R	V	R	D	I	P	S	R	I	S	I	Y	W	T	I	V	K	P	G	D	I	L	L	I	N	S	T	G	N	L	I	A	P	R	G	Y	F	K	I	R	S	G	K	S	S	I	M	R	S	D	A	P	I	G	E	C	K	S	E	C	I	T	P	N	G	S	I	P	N	D	K	P	F	Q	N	V	N	R	I	T	Y	G	A	C	P	R	Y	V	K	Q	S	T	L	K	L	A	T	G	M	R	N	V	P	E	K	Q	A	R	G	I	F	G	A	I	A	G	F	I	E	N	G	W	E	G	M	V	D	G	W	Y	G	F	R	H	Q	N	S	E	G	R	G	Q	A	A	D	L	K	S	T	Q	A	A	I	D	Q	I	N	G	K	L	N	R	L	I	G	K	T	N	E	K	F	H	Q	I	E	K	E	F	S	E	V	E	G	R	V	Q	D	L	E	K	Y	V	E	D	T	K	I	D	L	W	S	Y	N	A	E	L	L	V	A	L	E	N	Q	H	T	I	D	L	T	D	S	E	M	N	K	L	F	E	K	T	K	K	Q	L	R	E	N	A	E	D	M	G	N	G	C	F	K	I	Y	H	K	C	D	N	A	C	I	G	S	I	R	N	E	T	Y	D	H	N	V	Y	R	D	E	A	L	N	N	R	F	Q	I	K	G	V	E	L	K	S	G	Y	K	D	W	I	L	W	I	S	F	A	M	S	C	F	L	L	C	I	A	L	L	G	F	I	M	W	A	C	Q	K	G	N	I	R	C	N	I	C	I
1996	M	K	A	I	I	A	L	S	N	I	L	C	L	V	F	A	Q	N	I	P	G	N	D	N	S	T	A	T	L	C	L	G	H	H	A	V	P	N	G	T	I	V	K	T	I	T	N	D	R	I	E	V	T	N	A	T	E	L	V	Q	N	S	S	I	G	K	I	C	N	S	P	H	Q	I	L	D	G	G	N	C	T	L	I	D	A	L	L	G	D	P	Q	C	D	G	F	Q	N	K	E	W	D	L	F	V	E	R	S	R	A	N	S	S	C	Y	P	Y	D	V	P	D	Y	A	S	L	R	S	L	V	A	S	S	G	T	L	E	F	K	D	E	S	F	N	W	T	G	V	K	Q	N	G	K	S	S	A	C	K	R	G	S	N	S	S	F	F	S	R	L	N	W	L	T	S	L	D	N	K	Y	P	A	Q	N	V	T	M	P	N	K	E	R	F	D	K	L	Y	I	W	G	V	H	H	P	D	T	D	R	N	Q	F	S	L	F	A	Q	S	S	G	R	I	T	V	S	T	K	R	S	Q	Q	A	V	I	P	N	I	G	S	R	P	R	V	R	D	I	P	S	R	I	S	I	Y	W	T	I	V	K	P	G	D	I	L	L	I	N	S	T	G	N	L	I	A	P	R	G	Y	F	K	I	R	S	G	K	S	S	I	M	R	S	D	A	P	I	G	E	C	K	S	E	C	I	T	P	N	G	S	I	P	N	D	K	P	F	Q	N	V	N	R	I	T	Y	G	A	C	P	R	Y	V	K	Q	S	T	L	K	L	A	T	G	M	R	N	V	P	E	K	Q	A	R	G	I	F	G	A	I	A	G	F	I	E	N	G	W	E	G	M	V	D	G	W	Y	G	F	R	H	Q	N	S	E	G	R	G	Q	A	A	D	L	K	S	T	Q	A	A	I	D	Q	I	N	G	K	L	N	R	L	I	G	K	T	N	E	K	F	H	Q	I	E	K	E	F	S	E	V	E	G	R	V	Q	D	L	E	K	Y	V	E	D	T	K	I	D	L	W	S	Y	N	A	E	L	L	V	A	L	E	N	Q	H	T	I	D	L	T	D	S	E	M	N	K	L	F	E	K	T	K	K	Q	L	R	E	N	A	E	D	M	G	N	G	C	F	K	I	Y	H	K	C	D	N	A	C	I	G	S	I	R	N	E	T	Y	D	H	N	V	Y	R	D	E	A	L	N	N	R	F	Q	I	K	G	V	E	L	K	S	G	Y	K	D	W	I	L	W	I	S	F	A	M	S	C	F	L	L	C	I	A	L	L	G	F	I	M	W	A	C	Q	K	G	N	I	R	C	N	I	C	I
1997	M	K	A	I	I	A	L	S	N	I	L	C	L	V	F	A	Q	N	I	P	G	N	D	N	S	T	A	T	L	C	L	G	H	H	A	V	P	N	G	T	I	V	K	T	I	T	N	D	R	I	E	V	T	N	A	T	E	L	V	Q	N	S	S	I	G	K	I	C	N	S	P	H	Q	I	L	D	G	G	N	C	T	L	I	D	A	L	L	G	D	P	Q	C	D	G	F	Q	N	K	E	W	D	L	F	V	E	R	S	R	A	N	S	S	C	Y	P	Y	D	V	P	D	Y	A	S	L	R	S	L	V	A	S	S	G	T	L	E	F	K	D	E	S	F	N	W	T	G	V	K	Q	N	G	K	S	S	A	C	K	R	G	S	N	S	S	F	F	S	R	L	N	W	L	T	S	L	D	N	K	Y	P	A	Q	N	V	T	M	P	N	K	E	R	F	D	K	L	Y	I	W	G	V	H	H	P	D	T	D	R	N	Q	F	S	L	F	A	Q	S	S	G	R	I	T	V	S	T	K	R	S	Q	Q	A	V	I	P	N	I	G	S	R	P	R	V	R	D	I	P	S	R	I	S	I	Y	W	T	I	V	K	P	G	D	I	L	L	I	N	S	T	G	N	L	I	A	P	R	G	Y	F	K	I	R	S	G	K	S	S	I	M	R	S	D	A	P	I	G	E	C	K	S	E	C	I	T	P	N	G	S	I	P	N	D	K	P	F	Q	N	V	N	R	I	T	Y	G	A	C	P	R	Y	V	K	Q	S	T	L	K	L	A	T	G	M	R	N	V	P	E	K	Q	A	R	G	I	F	G	A	I	A	G	F	I	E	N	G	W	E	G	M	V	D	G	W	Y	G	F	R	H	Q	N	S	E	G	R	G	Q	A	A	D	L	K	S	T	Q	A	A	I	D	Q	I	N	G	K	L	N	R	L	I	G	K	T	N	E	K	F	H	Q	I	E	K	E	F	S	E	V	E	G	R	V	Q	D	L	E	K	Y	V	E	D	T	K	I	D	L	W	S	Y	N	A	E	L	L	V	A	L	E	N	Q	H	T	I	D	L	T	D	S	E	M	N	K	L	F	E	K	T	K	K	Q	L	R	E	N	A	E	D	M	G	N	G	C	F	K	I	Y	H	K	C	D	N	A	C	I	G	S	I	R	N	E	T	Y	D	H	N	V	Y	R	D	E	A	L	N	N	R	F	Q	I	K	G	V	E	L	K	S	G	Y	K	D	W	I	L	W	I	S	F	A	M	S	C	F	L	L	C	I	A	L	L	G	F	I	M	W	A	C	Q	K	G	N	I	R	C	N	I	C	I
1998	M	K	A	I	I	A	L	S	N	I	L	C	L	V	F	A	Q	N	I	P	G	N	D	N	S	T	A	T	L	C	L	G	H	H	A	V	P	N	G	T	I	V	K	T	I	T	N	D	R	I	E	V	T	N	A	T	E	L	V	Q	N	S	S	I	G	K	I	C	N	S	P	H	Q	I	L	D	G	G	N	C	T	L	I	D	A	L	L	G	D	P	Q	C	D	G	F	Q	N	K	E	W	D	L	F	V	E	R	S	R	A	N	S	S	C	Y	P	Y	D	V	P	D	Y	A	S	L	R	S	L	V	A	S	S	G	T	L	E	F	K	D	E	S	F	N	W	T	G	V	K	Q	N	G	K	S	S	A	C	K	R	G	S	N	S	S	F	F	S	R	L	N	W	L	T	S	L	D	N	K	Y	P	A	Q	N	V	T	M	P	N	K	E	R	F	D	K	L	Y	I	W	G	V	H	H	P	D	T	D	R	N	Q	F	S	L	F	A	Q	S	S	G	R	I	T	V	S	T	K	R	S	Q	Q	A	V	I	P	N	I	G	S	R	P	R	V	R	D	I	P	S	R	I	S	I	Y	W	T	I	V	K	P	G	D	I	L	L	I	N	S	T	G	N	L	I	A	P	R	G	Y	F	K	I	R	S	G	K	S	S	I	M	R	S	D	A	P	I	G	E	C	K	S	E	C	I	T	P	N	G	S	I	P	N	D	K	P	F	Q	N	V	N	R	I	T	Y	G	A	C	P	R	Y	V	K	Q	S	T	L	K	L	A	T	G	M	R	N	V	P	E	K	Q	A	R	G	I	F	G	A	I	A	G	F	I	E	N	G	W	E	G	M	V	D	G	W	Y	G	F	R	H	Q	N	S	E	G	R	G	Q	A	A	D	L	K	S	T	Q	A	A	I	D	Q	I	N	G	K	L	N	R	L	I	G	K	T	N	E	K	F	H	Q	I	E	K	E	F	S	E	V	E	G	R	V	Q	D	L	E	K	Y	V	E	D	T	K	I	D	L	W	S	Y	N	A	E	L	L	V	A	L	E	N	Q	H	T	I	D	L	T	D	S	E	M	N	K	L	F	E	K	T	K	K	Q	L	R	E	N	A	E	D	M	G	N	G	C	F	K	I	Y	H	K	C	D	N	A	C	I	G	S	I	R	N	E	T	Y	D	H	N	V	Y	R	D	E	A	L	N	N	R	F	Q	I	K	G	V	E	L	K	S	G	Y	K	D	W	I	L	W	I	S	F	A	M	S	C	F	L	L	C	I	A	L	L	G	F	I	M	W	A	C	Q	K	G	N	I	R	C	N	I	C	I
1999	M	K	A	I	I	A	L	S	N	I	L	C	L	V	F	A	Q	N	I	P	G	N	D	N	S	T	A	T	L	C	L	G	H	H	A	V	P	N	G	T	I	V	K	T	I	T	N	D	R	I	E	V	T	N	A	T	E	L	V	Q	N	S	S	I	G	K	I	C	N	S	P	H	Q	I	L	D	G	G	N	C	T	L	I	D	A	L	L	G	D	P	Q	C	D	G	F	Q	N	K	E	W	D	L	F	V	E	R	S	R	A	N	S	S	C	Y	P	Y	D	V	P	D	Y	A	S	L	R	S	L	V	A	S	S	G	T	L	E	F	K	D	E	S	F	N	W	T	G	V	K	Q	N	G	K	S	S	A	C	K	R	G	S	N	S	S	F	F	S	R	L	N	W	L	T	S	L	D	N	K	Y	P	A	Q	N	V	T	M	P	N	K	E	R	F	D	K	L	Y	I	W	G	V	H	H	P	D	T	D	R	N	Q	F	S	L	F	A	Q	S	S	G	R	I	T	V	S	T	K	R	S	Q	Q	A	V	I	P	N	I	G	S	R	P	R	V	R	D	I	P	S	R	I	S	I	Y	W	T	I	V	K	P	G	D	I	L	L	I	N	S	T	G	N	L	I	A	P	R	G	Y	F	K	I	R	S	G	K	S	S	I	M	R	S	D	A	P	I	G	E	C	K	S	E	C	I	T	P	N	G	S	I	P	N	D	K	P	F	Q	N	V	N	R	I	T	Y	G	A	C	P	R	Y	V	K	Q	S	T	L	K	L	A	T	G	M	R	N	V	P	E	K	Q	A	R	G	I	F	G	A	I	A	G	F	I	E	N	G	W	E	G	M	V	D	G	W	Y	G	F	R	H	Q	N	S	E	G	R	G	Q	A	A	D	L	K	S	T	Q	A	A	I	D	Q	I	N	G	K	L	N	R	L	I	G	K	T	N	E	K	F	H	Q	I	E	K	E	F	S	E	V	E	G	R	V	Q	D	L	E	K	Y	V	E	D	T	K	I	D	L	W	S	Y	N	A	E	L	L	V	A	L	E	N	Q	H	T	I	D	L	T	D	S	E	M	N	K	L	F	E	K	T	K	K	Q	L	R	E	N	A	E	D	M	G	N	G	C	F	K	I	Y	H	K	C	D	N	A	C	I	G	S	I	R	N	E	T	Y	D	H	N	V	Y	R	D	E	A	L	N	N	R	F	Q	I	K	G	V	E	L	K	S	G	Y	K	D	W	I	L	W	I	S	F	A	M	S	C	F	L	L	C	I	A	L	L	G	F	I	M	W	A	C	Q	K	G	N	I	R	C	N	I	C	I
2000	M	K	A	I	I	A	L	S	N	I	L	C	L	V	F	A	Q	N	I	P	G	N	D	N	S	T	A	T	L	C	L	G	H	H	A	V	P	N	G	T	I	V	K	T	I	T	N	D	R	I	E	V	T	N	A	T	E	L	V	Q	N	S	S	I	G	K	I	C	N	S	P	H	Q	I	L	D	G	G	N	C	T	L	I	D	A	L	L	G	D	P	Q	C	D	G	F	Q	N	K	E	W	D	L	F	V	E	R	S	R	A	N	S	S	C	Y	P	Y	D	V	P	D	Y	A	S	L	R	S	L	V	A	S	S	G	T	L	E	F	K	D	E	S	F	N	W	T	G	V	K	Q	N	G	K	S	S	A	C	K	R	G	S	N	S	S	F	F	S	R	L	N	W	L	T	S	L	D	N	K	Y	P	A	Q	N	V	T	M	P	N	K	E	R	F	D	K	L	Y	I	W	G	V	H	H	P	D	T	D	R	N	Q	F	S	L	F	A	Q	S	S	G	R	I	T	V	S	T	K	R	S	Q	Q	A	V	I	P	N	I	G	S	R	P	R	V	R	D	I	P	S	R	I	S	I	Y	W	T	I	V	K	P	G	D	I	L	L	I	N	S	T	G	N	L	I	A	P	R	G	Y	F	K	I	R	S	G	K	S	S	I	M	R	S	D	A	P	I	G	E	C	K	S	E	C	I	T	P	N	G	S	I	P	N	D	K	P	F	Q	N	V	N	R	I	T	Y	G	A	C	P	R	Y	V	K	Q	S	T	L	K	L	A	T	G	M	R	N	V	P	E	K	Q	A	R	G	I	F	G	A	I	A	G	F	I	E	N	G	W	E	G	M	V	D	G	W	Y	G	F	R	H	Q	N	S	E	G	R	G	Q	A	A	D	L	K	S	T	Q	A	A	I	D	Q	I	N	G	K	L	N	R	L	I	G	K	T	N	E	K	F	H	Q	I	E	K	E	F	S	E	V	E	G	R	V	Q	D	L	E	K	Y	V	E	D	T	K	I	D	L	W	S	Y	N	A	E	L	L	V	A	L	E	N	Q	H	T	I	D	L	T	D	S	E	M	N	K	L	F	E	K	T	K	K	Q	L	R	E	N	A	E	D	M	G	N	G	C	F	K	I	Y	H	K	C	D	N	A	C	I	G	S	I	R	N	E	T	Y	D	H	N	V	Y	R	D	E	A	L	N	N	R	F	Q	I	K	G	V	E	L	K	S	G	Y	K	D	W	I	L	W	I	S	F	A	M	S	C	F	L	L	C	I	A	L	L	G	F	I	M	W	A	C	Q	K	G	N	I	R	C	N	I	C	I
2001	M	K	A	I	I	A	L	S	N	I	L	C	L	V	F	A	Q	N	I	P	G	N	D	N	S	T	A	T	L	C	L	G	H	H	A	V	P	N	G	T	I	V	K	T	I	T	N	D	R	I	E	V	T	N	A	T	E	L	V	Q	N	S	S	I	G	K	I	C	N	S	P	H	Q	I	L	D	G	G	N	C	T	L	I	D	A	L	L	G	D	P	Q	C	D	G	F	Q	N	K	E	W	D	L	F	V	E	R	S	R	A	N	S	S	C	Y	P	Y	D	V	P	D	Y	A	S	L	R	S	L	V	A	S	S	G	T	L	E	F	K	D	E	S	F	N	W	T	G	V	K	Q	N	G	K	S	S	A	C	K	R	G	S	N	S	S	F	F	S	R	L	N	W	L	T	S	L	D	N	K	Y	P	A	Q	N	V	T	M	P	N	K	E	R	F	D	K	L	Y	I	W	G	V	H	H	P	D	T	D	R	N	Q	F	S	L	F	A	Q	S	S	G	R	I	T	V	S	T	K	R	S	Q	Q	A	V	I	P	N	I	G	S	R	P	R	V	R	D	I	P	S	R	I	S	I	Y	W	T	I	V	K	P	G	D	I	L	L	I	N	S	T	G	N	L	I	A	P	R	G	Y	F	K	I	R	S	G	K	S	S	I	M	R	S	D	A	P	I	G	E	C	K	S	E	C	I	T	P	N	G	S	I	P	N	D	K	P	F	Q	N	V	N	R	I	T	Y	G	A	C	P	R	Y	V	K	Q	S	T	L	K	L	A	T	G	M	R	N	V	P	E	K	Q	A	R	G	I	F	G	A	I	A	G	F	I	E	N	G	W	E	G	M	V	D	G	W	Y	G	F	R	H	Q	N	S	E	G	R	G	Q	A	A	D	L	K	S	T	Q	A	A	I	D	Q	I	N	G	K	L	N	R	L	I	G	K	T	N	E	K	F	H	Q	I	E	K	E	F	S	E	V	E	G	R	V	Q	D	L	E	K	Y	V	E	D	T	K	I	D	L	W	S	Y	N	A	E	L	L	V	A	L	E	N	Q	H	T	I	D	L	T	D	S	E	M	N	K	L	F	E	K	T	K	K	Q	L	R	E	N	A	E	D	M	G	N	G	C	F	K	I	Y	H	K	C	D	N	A	C	I	G	S	I	R	N	E	T	Y	D	H	N	V	Y	R	D	E	A	L	N	N	R	F	Q	I	K	G	V	E	L	K	S	G	Y	K	D	W	I	L	W	I	S	F	A	M	S	C	F	L	L	C	I	A	L	L	G	F	I	M	W	A	C	Q	K	G	N	I	R	C	N	I	C	I
2002	M	K	A	I	I	A	L	S	N	I	L	C	L	V	F	A	Q	N	I	P	G	N	D	N	S	T	A	T	L	C	L	G	H	H	A	V	P	N	G	T	I	V	K	T	I	T	N	D	R	I	E	V	T	N	A	T	E	L	V	Q	N	S	S	I	G	K	I	C	N	S	P	H	Q	I	L	D	G	G	N	C	T	L	I	D	A	L	L	G	D	P	Q	C	D	G	F	Q	N	K	E	W	D	L	F	V	E	R	S	R	A	N	S	S	C	Y	P	Y	D	V	P	D	Y	A	S	L	R	S	L	V	A	S	S	G	T	L	E	F	K	D	E	S	F	N	W	T	G	V	K	Q	N	G	K	S	S	A	C	K	R	G	S	N	S	S	F	F	S	R	L	N	W	L	T	S	L	D	N	K	Y	P	A	Q	N	V	T	M	P	N	K	E	R	F	D	K	L	Y	I	W	G	V	H	H	P	D	T	D	R	N	Q	F	S	L	F	A	Q	S	S	G	R	I	T	V	S	T	K	R	S	Q	Q	A	V	I	P	N	I	G	S	R	P	R	V	R	D	I	P	S	R	I	S	I	Y	W	T	I	V	K	P	G	D	I	L	L	I	N	S	T	G	N	L	I	A	P	R	G	Y	F	K	I	R	S	G	K	S	S	I	M	R	S	D	A	P	I	G	E	C	K	S	E	C	I	T	P	N	G	S	I	P	N	D	K	P	F	Q	N	V	N	R	I	T	Y	G	A	C	P	R	Y	V	K	Q	S	T	L	K	L	A	T	G	M	R	N	V	P	E	K	Q	A	R	G	I	F	G	A	I	A	G	F	I	E	N	G	W	E	G	M	V	D	G	W	Y	G	F	R	H	Q	N	S	E	G	R	G	Q	A	A	D	L	K	S	T	Q	A	A	I	D	Q	I	N	G	K	L	N	R	L	I	G	K	T	N	E	K	F	H	Q	I	E	K	E	F	S	E	V	E	G	R	V	Q	D	L	E	K	Y	V	E	D	T	K	I	D	L	W	S	Y	N	A	E	L	L	V	A	L	E	N	Q	H	T	I	D	L	T	D	S	E	M	N	K	L	F	E	K	T	K	K	Q	L	R	E	N	A	E	D	M	G	N	G	C	F	K	I	Y	H	K	C	D	N	A	C	I	G	S	I	R	N	E	T	Y	D	H	N	V	Y	R	D	E	A	L	N	N	R	F	Q	I	K	G	V	E	L	K	S	G	Y	K	D	W	I	L	W	I	S	F	A	M	S	C	F	L	L	C	I	A	L	L	G	F	I	M	W	A	C	Q	K	G	N	I	R	C	N	I	C	I
2003	M	K	A	I	I	A	L	S	N	I	L	C	L	V	F	A	Q	N	I	P	G	N	D	N	S	T	A	T	L	C	L	G	H	H	A	V	P	N	G	T	I	V	K	T	I	T	N	D	R	I	E	V	T	N	A	T	E	L	V	Q	N	S	S	I	G	K	I	C	N	S	P	H	Q	I	L	D	G	G	N	C	T	L	I	D	A	L	L	G	D	P	Q	C	D	G	F	Q	N	K	E	W	D	L	F	V	E	R	S	R	A	N	S	S	C	Y	P	Y	D	V	P	D	Y	A	S	L	R	S	L	V	A	S	S	G	T	L	E	F	K	D	E	S	F	N	W	T	G	V	K	Q	N	G	K	S	S	A	C	K	R	G	S	N	S	S	F	F	S	R	L	N	W	L	T	S	L	D	N	K	Y	P	A	Q	N	V	T	M	P	N	K	E	R	F	D	K	L	Y	I	W	G	V	H	H	P	D	T	D	R	N	Q	F	S	L	F	A	Q	S	S	G	R	I	T	V	S	T	K	R	S	Q	Q	A	V	I	P	N	I	G	S	R	P	R	V	R	D	I	P	S	R	I	S	I	Y	W	T	I	V	K	P	G	D	I	L	L	I	N	S	T	G	N	L	I	A	P	R	G	Y	F	K	I	R	S	G	K	S	S	I	M	R	S	D	A	P	I	G	E	C	K	S	E	C	I	T	P	N	G	S	I	P	N	D	K	P	F	Q	N	V	N	R	I	T	Y	G	A	C	P	R	Y	V	K	Q	S	T	L	K	L	A	T	G	M	R	N	V	P	E	K	Q	A	R	G	I	F	G	A	I	A	G	F	I	E	N	G	W	E	G	M	V	D	G	W	Y	G	F	R	H	Q	N	S	E	G	R	G	Q	A	A	D	L	K	S	T	Q	A	A	I	D	Q	I	N	G	K	L	N	R	L	I	G	K	T	N	E	K	F	H	Q	I	E	K	E	F	S	E	V	E	G	R	V	Q	D	L	E	K	Y	V	E	D	T	K	I	D	L	W	S	Y	N	A	E	L	L	V	A	L	E	N	Q	H	T	I	D	L	T	D	S	E	M	N	K	L	F	E	K	T	K	K	Q	L	R	E	N	A	E	D	M	G	N	G	C	F	K	I	Y	H	K	C	D	N	A	C	I	G	S	I	R	N	E	T	Y	D	H	N	V	Y	R	D	E	A	L	N	N	R	F	Q	I	K	G	V	E	L	K	S	G	Y	K	D	W	I	L	W	I	S	F	A	M	S	C	F	L	L	C	I	A	L	L	G	F	I	M	W	A	C	Q	K	G	N	I	R	C	N	I	C	I
2004	M	K	A	I	I	A	L	S	N	I	L	C	L	V	F	A	Q	N	I	P	G	N	D	N	S	T	A	T	L	C	L	G	H	H	A	V	P	N	G	T	I	V	K	T	I	T	N	D	R	I	E	V	T	N	A	T	E	L	V	Q	N	S	S	I	G	K	I	C	N	S	P	H	Q	I	L	D	G	G	N	C	T	L	I	D	A	L	L	G	D	P	Q	C	D	G	F	Q	N	K	E	W	D	L	F	V	E	R	S	R	A	N	S	S	C	Y	P	Y	D	V	P	D	Y	A	S	L	R	S	L	V	A	S	S	G	T	L	E	F	K	D	E	S	F	N	W	T	G	V	K	Q	N	G	K	S	S	A	C	K	R	G	S	N	S	S	F	F	S	R	L	N	W	L	T	S	L	D	N	K	Y	P	A	Q	N	V	T	M	P	N	K	E	R	F	D	K	L	Y	I	W	G	V	H	H	P	D	T	D	R	N	Q	F	S	L	F	A	Q	S	S	G	R	I	T	V	S	T	K	R	S	Q	Q	A	V	I	P	N	I	G	S	R	P	R	V	R	D	I	P	S	R	I	S	I	Y	W	T	I	V	K	P	G	D	I	L	L	I	N	S	T	G	N	L	I	A	P	R	G	Y	F	K	I	R	S	G	K	S	S	I	M	R	S	D	A	P	I	G	E	C	K	S	E	C	I	T	P	N	G	S	I	P	N	D	K	P	F	Q	N	V	N	R	I	T	Y	G	A	C	P	R	Y	V	K	Q	S	T	L	K	L	A	T	G	M	R	N	V	P	E	K	Q	A	R	G	I	F	G	A	I	A	G	F	I	E	N	G	W	E	G	M	V	D	G	W	Y	G	F	R	H	Q	N	S	E	G	R	G	Q	A	A	D	L	K	S	T	Q	A	A	I	D	Q	I	N	G	K	L	N	R	L	I	G	K	T	N	E	K	F	H	Q	I	E	K	E	F	S	E	V	E	G	R	V	Q	D	L	E	K	Y	V	E	D	T	K	I	D	L	W	S	Y	N	A	E	L	L	V	A	L	E	N	Q	H	T	I	D	L	T	D	S	E	M	N	K	L	F	E	K	T	K	K	Q	L	R	E	N	A	E	D	M	G	N	G	C	F	K	I	Y	H	K	C	D	N	A	C	I	G	S	I	R	N	E	T	Y	D	H	N	V	Y	R	D	E	A	L	N	N	R	F	Q	I	K	G	V	E	L	K	S	G	Y	K	D	W	I	L	W	I	S	F	A	M	S	C	F	L	L	C	I	A	L	L	G	F	I	M	W	A	C	Q	K	G	N	I	R	C	N	I	C	I
2005	M	K	A	I	I	A	L	S	N	I	L	C	L	V	F	A	Q	N	I	P	G	N	D	N	S	T	A	T	L	C	L	G	H	H	A	V	P	N	G	T	I	V	K	T	I	T	N	D	R	I	E	V	T	N	A	T	E	L	V	Q	N	S	S	I	G	K	I	C	N	S	P	H	Q	I	L	D	G	G	N	C	T	L	I	D	A	L	L	G	D	P	Q	C	D	G	F	Q	N	K	E	W	D	L	F	V	E	R	S	R	A	N	S	S	C	Y	P	Y	D	V	P	D	Y	A	S	L	R	S	L	V	A	S	S	G	T	L	E	F	K	D	E	S	F	N	W	T	G	V	K	Q	N	G	K	S	S	A	C	K	R	G	S	N	S	S	F	F	S	R	L	N	W	L	T	S	L	D	N	K	Y	P	A	Q	N	V	T	M	P	N	K	E	R	F	D	K	L	Y	I	W	G	V	H	H	P	D	T	D	R	N	Q	F	S	L	F	A	Q	S	S	G	R	I	T	V	S	T	K	R	S	Q	Q	A	V	I	P	N	I	G	S	R	P	R	V	R	D	I	P	S	R	I	S	I	Y	W	T	I	V	K	P	G	D	I	L	L	I	N	S	T	G	N	L	I	A	P	R	G	Y	F	K	I	R	S	G	K	S	S	I	M	R	S	D	A	P	I	G	E	C	K	S	E	C	I	T	P	N	G	S	I	P	N	D	K	P	F	Q	N	V	N	R	I	T	Y	G	A	C	P	R	Y	V	K	Q	S	T	L	K	L	A	T	G	M	R	N	V	P	E	K	Q	A	R	G	I	F	G	A	I	A	G	F	I	E	N	G	W	E	G	M	V	D	G	W	Y	G	F	R	H	Q	N	S	E	G	R	G	Q	A	A	D	L	K	S	T	Q	A	A	I	D	Q	I	N	G	K	L	N	R	L	I	G	K	T	N	E	K	F	H	Q	I	E	K	E	F	S	E	V	E	G	R	V	Q	D	L	E	K	Y	V	E	D	T	K	I	D	L	W	S	Y	N	A	E	L	L	V	A	L	E	N	Q	H	T	I	D	L	T	D	S	E	M	N	K	L	F	E	K	T	K	K	Q	L	R	E	N	A	E	D	M	G	N	G	C	F	K	I	Y	H	K	C	D	N	A	C	I	G	S	I	R	N	E	T	Y	D	H	N	V	Y	R	D	E	A	L	N	N	R	F	Q	I	K	G	V	E	L	K	S	G	Y	K	D	W	I	L	W	I	S	F	A	M	S	C	F	L	L	C	I	A	L	L	G	F	I	M	W	A	C	Q	K	G	N	I	R	C	N	I	C	I
2006	M	K	A	I	I	A	L	S	N	I	L	C	L	V	F	A	Q	N	I	P	G	N	D	N	S	T	A	T	L	C	L	G	H	H	A	V	P	N	G	T	I	V	K	T	I	T	N	D	R	I	E	V	T	N	A	T	E	L	V	Q	N	S	S	I	G	K	I	C	N	S	P	H	Q	I	L	D	G	G	N	C	T	L	I	D	A	L	L	G	D	P	Q	C	D	G	F	Q	N	K	E	W	D	L	F	V	E	R	S	R	A	N	S	S	C	Y	P	Y	D	V	P	D	Y	A	S	L	R	S	L	V	A	S	S	G	T	L	E	F	K	D	E	S	F	N	W	T	G	V	K	Q	N	G	K	S	S	A	C	K	R	G	S	N	S	S	F	F	S	R	L	N	W	L	T	S	L	D	N	K	Y	P	A	Q	N	V	T	M	P	N	K	E	R	F	D	K	L	Y	I	W	G	V	H	H	P	D	T	D	R	N	Q	F	S	L	F	A	Q	S	S	G	R	I	T	V	S	T	K	R	S	Q	Q	A	V	I	P	N	I	G	S	R	P	R	V	R	D	I	P	S	R	I	S	I	Y	W	T	I	V	K	P	G	D	I	L	L	I	N	S	T	G	N	L	I	A	P	R	G	Y	F	K	I	R	S	G	K	S	S	I	M	R	S	D	A	P	I	G	E	C	K	S	E	C	I	T	P	N	G	S	I	P	N	D	K	P	F	Q	N	V	N	R	I	T	Y	G	A	C	P	R	Y	V	K	Q	S	T	L	K	L	A	T	G	M	R	N	V	P	E	K	Q	A	R	G	I	F	G	A	I	A	G	F	I	E	N	G	W	E	G	M	V	D	G	W	Y	G	F	R	H	Q	N	S	E	G	R	G	Q	A	A	D	L	K	S	T	Q	A	A	I	D	Q	I	N	G	K	L	N	R	L	I	G	K	T	N	E	K	F	H	Q	I	E	K	E	F	S	E	V	E	G	R	V	Q	D	L	E	K	Y	V	E	D	T	K	I	D	L	W	S	Y	N	A	E	L	L	V	A	L	E	N	Q	H	T	I	D	L	T	D	S	E	M	N	K	L	F	E	K	T	K	K	Q	L	R	E	N	A	E	D	M	G	N	G	C	F	K	I	Y	H	K	C	D	N	A	C	I	G	S	I	R	N	E	T	Y	D	H	N	V	Y	R	D	E	A	L	N	N	R	F	Q	I	K	G	V	E	L	K	S	G	Y	K	D	W	I	L	W	I	S	F	A	M	S	C	F	L	L	C	I	A	L	L	G	F	I	M	W	A	C	Q	K	G	N	I	R	C	N	I	C	I
2007	M	K	A	I	I	A	L	S	N	I	L	C	L	V	F	A	Q	N	I	P	G	N	D	N	S	T	A	T	L	C	L	G	H	H	A	V	P	N	G	T	I	V	K	T	I	T	N	D	R	I	E	V	T	N	A	T	E	L	V	Q	N	S	S	I	G	K	I	C	N	S	P	H	Q	I	L	D	G	G	N	C	T	L	I	D	A	L	L	G	D	P	Q	C	D	G	F	Q	N	K	E	W	D	L	F	V	E	R	S	R	A	N	S	S	C	Y	P	Y	D	V	P	D	Y	A	S	L	R	S	L	V	A	S	S	G	T	L	E	F	K	D	E	S	F	N	W	T	G	V	K	Q	N	G	K	S	S	A	C	K	R	G	S	N	S	S	F	F	S	R	L	N	W	L	T	S	L	D	N	K	Y	P	A	Q	N	V	T	M	P	N	K	E	R	F	D	K	L	Y	I	W	G	V	H	H	P	D	T	D	R	N	Q	F	S	L	F	A	Q	S	S	G	R	I	T	V	S	T	K	R	S	Q	Q	A	V	I	P	N	I	G	S	R	P	R	V	R	D	I	P	S	R	I	S	I	Y	W	T	I	V	K	P	G	D	I	L	L	I	N	S	T	G	N	L	I	A	P	R	G	Y	F	K	I	R	S	G	K	S	S	I	M	R	S	D	A	P	I	G	E	C	K	S	E	C	I	T	P	N	G	S	I	P	N	D	K	P	F	Q	N	V	N	R	I	T	Y	G	A	C	P	R	Y	V	K	Q	S	T	L	K	L	A	T	G	M	R	N	V	P	E	K	Q	A	R	G	I	F	G	A	I	A	G	F	I	E	N	G	W	E	G	M	V	D	G	W	Y	G	F	R	H	Q	N	S	E	G	R	G	Q	A	A	D	L	K	S	T	Q	A	A	I	D	Q	I	N	G	K	L	N	R	L	I	G	K	T	N	E	K	F	H	Q	I	E	K	E	F	S	E	V	E	G	R	V	Q	D	L	E	K	Y	V	E	D	T	K	I	D	L	W	S	Y	N	A	E	L	L	V	A	L	E	N	Q	H	T	I	D	L	T	D	S	E	M	N	K	L	F	E	K	T	K	K	Q	L	R	E	N	A	E	D	M	G	N	G	C	F	K	I	Y	H	K	C	D	N	A	C	I	G	S	I	R	N	E	T	Y	D	H	N	V	Y	R	D	E	A	L	N	N	R	F	Q	I	K	G	V	E	L	K	S	G	Y	K	D	W	I	L	W	I	S	F	A	M	S	C	F	L	L	C	I	A	L	L	G	F	I	M	W	A	C	Q	K	G	N	I	R	C	N	I	C	I
2008	M	K	A	I	I	A	L	S	N	I	L	C	L	V	F	A	Q	N	I	P	G	N	D	N	S	T	A	T	L	C	L	G	H	H	A	V	P	N	G	T	I	V	K	T	I	T	N	D	R	I	E	V	T	N	A	T	E	L	V	Q	N	S	S	I	G	K	I	C	N	S	P	H	Q	I	L	D	G	G	N	C	T	L	I	D	A	L	L	G	D	P	Q	C	D	G	F	Q	N	K	E	W	D	L	F	V	E	R	S	R	A	N	S	S	C	Y	P	Y	D	V	P	D	Y	A	S	L	R	S	L	V	A	S	S	G	T	L	E	F	K	D	E	S	F	N	W	T	G	V	K	Q	N	G	K	S	S	A	C	K	R	G	S	N	S	S	F	F	S	R	L	N	W	L	T	S	L	D	N	K	Y	P	A	Q	N	V	T	M	P	N	K	E	R	F	D	K	L	Y	I	W	G	V	H	H	P	D	T	D	R	N	Q	F	S	L	F	A	Q	S	S	G	R	I	T	V	S	T	K	R	S	Q	Q	A	V	I	P	N	I	G	S	R	P	R	V	R	D	I	P	S	R	I	S	I	Y	W	T	I	V	K	P	G	D	I	L	L	I	N	S	T	G	N	L	I	A	P	R	G	Y	F	K	I	R	S	G	K	S	S	I	M	R	S	D	A	P	I	G	E	C	K	S	E	C	I	T	P	N	G	S	I	P	N	D	K	P	F	Q	N	V	N	R	I	T	Y	G	A	C	P	R	Y	V	K	Q	S	T	L	K	L	A	T	G	M	R	N	V	P	E	K	Q	A	R	G	I	F	G	A	I	A	G	F	I	E	N	G	W	E	G	M	V	D	G	W	Y	G	F	R	H	Q	N	S	E	G	R	G	Q	A	A	D	L	K	S	T	Q	A	A	I	D	Q	I	N	G	K	L	N	R	L	I	G	K	T	N	E	K	F	H	Q	I	E	K	E	F	S	E	V	E	G	R	V	Q	D	L	E	K	Y	V	E	D	T	K	I	D	L	W	S	Y	N	A	E	L	L	V	A	L	E	N	Q	H	T	I	D	L	T	D	S	E	M	N	K	L	F	E	K	T	K	K	Q	L	R	E	N	A	E	D	M	G	N	G	C	F	K	I	Y	H	K	C	D	N	A	C	I	G	S	I	R	N	E	T	Y	D	H	N	V	Y	R	D	E	A	L	N	N	R	F	Q	I	K	G	V	E	L	K	S	G	Y	K	D	W	I	L	W	I	S	F	A	M	S	C	F	L	L	C	I	A	L	L	G	F	I	M	W	A	C	Q	K	G	N	I	R	C	N	I	C	I
2009	M	K	A	I	I	A	L	S	N	I	L	C	L	V	F	A	Q	N	I	P	G	N	D	N	S	T	A	T	L	C	L	G	H	H	A	V	P	N	G	T	I	V	K	T	I	T	N	D	R	I	E	V	T	N	A	T	E	L	V	Q	N	S	S	I	G	K	I	C	N	S	P	H	Q	I	L	D	G	G	N	C	T	L	I	D	A	L	L	G	D	P	Q	C	D	G	F	Q	N	K	E	W	D	L	F	V	E	R	S	R	A	N	S	S	C	Y	P	Y	D	V	P	D	Y	A	S	L	R	S	L	V	A	S	S	G	T	L	E	F	K	D	E	S	F	N	W	T	G	V	K	Q	N	G	K	S	S	A	C	K	R	G	S	N	S	S	F	F	S	R	L	N	W	L	T	S	L	D	N	K	Y	P	A	Q	N	V	T	M	P	N	K	E	R	F	D	K	L	Y	I	W	G	V	H	H	P	D	T	D	R	N	Q	F	S	L	F	A	Q	S	S	G	R	I	T	V	S	T	K	R	S	Q	Q	A	V	I	P	N	I	G	S	R	P	R	V	R	D	I	P	S	R	I	S	I	Y	W	T	I	V	K	P	G	D	I	L	L	I	N	S	T	G	N	L	I	A	P	R	G	Y	F	K	I	R	S	G	K	S	S	I	M	R	S	D	A	P	I	G	E	C	K	S	E	C	I	T	P	N	G	S	I	P	N	D	K	P	F	Q	N	V	N	R	I	T	Y	G	A	C	P	R	Y	V	K	Q	S	T	L	K	L	A	T	G	M	R	N	V	P	E	K	Q	A	R	G	I	F	G	A	I	A	G	F	I	E	N	G	W	E	G	M	V	D	G	W	Y	G	F	R	H	Q	N	S	E	G	R	G	Q	A	A	D	L	K	S	T	Q	A	A	I	D	Q	I	N	G	K	L	N	R	L	I	G	K	T	N	E	K	F	H	Q	I	E	K	E	F	S	E	V	E	G	R	V	Q	D	L	E	K	Y	V	E	D	T	K	I	D	L	W	S	Y	N	A	E	L	L	V	A	L	E	N	Q	H	T	I	D	L	T	D	S	E	M	N	K	L	F	E	K	T	K	K	Q	L	R	E	N	A	E	D	M	G	N	G	C	F	K	I	Y	H	K	C	D	N	A	C	I	G	S	I	R	N	E	T	Y	D	H	N	V	Y	R	D	E	A	L	N	N	R	F	Q	I	K	G	V	E	L	K	S	G	Y	K	D	W	I	L	W	I	S	F	A	M	S	C	F	L	L	C	I	A	L	L	G	F	I	M	W	A	C	Q	K	G	N	I	R	C	N	I	C	I
2010	M	K	A	I	I	A	L	S	N	I	L	C	L	V	F	A	Q	K	I	P	G	N	D	N	S	T	A	T	L	C	L	G	H	H	A	V	P	N	G	T	I	V	K	T	I	T	N	D	R	I	E	V	T	N	A	T	E	L	V	Q	N	S	S	I	G	K	I	C	N	S	P	H	Q	I	L	D	G	G	N	C	T	L	I	D	A	L	L	G	D	P	Q	C	D	G	F	Q	N	K	E	W	D	L	F	V	E	R	S	R	A	N	S	S	C	Y	P	Y	D	V	P	D	Y	A	S	L	R	S	L	V	A	S	S	G	T	L	E	F	K	D	E	S	F	N	W	T	G	V	K	Q	N	G	T	S	S	A	C	K	R	G	S	S	S	S	F	F	S	R	L	N	W	L	T	S	L	N	N	I	Y	P	A	Q	N	V	T	M	P	N	K	E	Q	F	D	K	L	Y	I	W	G	V	H	H	P	D	T	D	K	N	Q	F	S	L	F	A	Q	S	S	G	R	I	T	V	S	T	K	R	S	Q	Q	A	V	I	P	N	I	G	S	R	P	R	V	R	D	I	P	S	R	I	S	I	Y	W	T	I	V	K	P	G	D	I	L	L	I	N	S	T	G	N	L	I	A	P	R	G	Y	F	K	I	R	S	G	K	S	S	I	M	R	S	D	A	P	I	G	E	C	K	S	E	C	I	T	P	N	G	S	I	P	N	D	K	P	F	Q	N	V	N	R	I	T	Y	G	A	C	P	R	Y	V	K	Q	S	T	L	K	L	A	T	G	M	R	N	V	P	E	K	Q	T	R	G	I	F	G	A	I	A	G	F	I	E	N	G	W	E	G	M	V	D	G	W	Y	G	F	R	H	Q	N	S	E	G	R	G	Q	A	A	D	L	K	S	T	Q	A	A	I	D	Q	I	S	G	K	L	N	R	L	I	G	K	T	N	E	K	F	H	Q	I	E	K	E	F	S	E	V	E	G	R	V	Q	D	L	E	K	Y	V	E	D	T	K	I	D	L	W	S	Y	N	A	E	L	L	V	A	L	E	N	Q	H	T	I	D	L	T	D	S	E	M	N	K	L	F	E	K	T	K	K	Q	L	R	E	N	A	E	D	M	G	N	G	C	F	K	I	Y	H	K	C	D	N	A	C	I	G	S	I	R	N	E	T	Y	D	H	N	V	Y	R	D	E	A	L	N	N	R	F	Q	I	K	G	V	E	L	K	S	G	Y	K	D	W	I	L	W	I	S	F	A	M	S	C	F	L	L	C	I	A	L	L	G	F	I	M	W	A	C	Q	K	G	N	I	R	C	N	I	C	I
2011	M	K	A	I	I	A	L	S	N	I	L	C	L	V	F	A	Q	K	I	P	G	N	D	N	S	T	A	T	L	C	L	G	H	H	A	V	P	N	G	T	I	V	K	T	I	T	N	D	R	I	E	V	T	N	A	T	E	L	V	Q	N	S	S	I	G	K	I	C	N	S	P	H	Q	I	L	D	G	G	N	C	T	L	I	D	A	L	L	G	D	P	Q	C	D	G	F	Q	N	K	E	W	D	L	F	V	E	R	S	R	A	N	S	S	C	Y	P	Y	D	V	P	D	Y	A	S	L	R	S	L	V	A	S	S	G	T	L	E	F	K	D	E	S	F	N	W	T	G	V	K	Q	N	G	T	S	S	A	C	K	R	G	S	S	S	S	F	F	S	R	L	N	W	L	T	S	L	N	N	I	Y	P	A	Q	N	V	T	M	P	N	K	E	Q	F	D	K	L	Y	I	W	G	V	H	H	P	D	T	D	K	N	Q	F	S	L	F	A	Q	S	S	G	R	I	T	V	S	T	K	R	S	Q	Q	A	V	I	P	N	I	G	S	R	P	R	V	R	D	I	P	S	R	I	S	I	Y	W	T	I	V	K	P	G	D	I	L	L	I	N	S	T	G	N	L	I	A	P	R	G	Y	F	K	I	R	S	G	K	S	S	I	M	R	S	D	A	P	I	G	E	C	K	S	E	C	I	T	P	N	G	S	I	P	N	D	K	P	F	Q	N	V	N	R	I	T	Y	G	A	C	P	R	Y	V	K	Q	S	T	L	K	L	A	T	G	M	R	N	V	P	E	K	Q	T	R	G	I	F	G	A	I	A	G	F	I	E	N	G	W	E	G	M	V	D	G	W	Y	G	F	R	H	Q	N	S	E	G	R	G	Q	A	A	D	L	K	S	T	Q	A	A	I	D	Q	I	S	G	K	L	N	R	L	I	G	K	T	N	E	K	F	H	Q	I	E	K	E	F	S	E	V	E	G	R	V	Q	D	L	E	K	Y	V	E	D	T	K	I	D	L	W	S	Y	N	A	E	L	L	V	A	L	E	N	Q	H	T	I	D	L	T	D	S	E	M	N	K	L	F	E	K	T	K	K	Q	L	R	E	N	A	E	D	M	G	N	G	C	F	K	I	Y	H	K	C	D	N	A	C	I	G	S	I	R	N	E	T	Y	D	H	N	V	Y	R	D	E	A	L	N	N	R	F	Q	I	K	G	V	E	L	K	S	G	Y	K	D	W	I	L	W	I	S	F	A	M	S	C	F	L	L	C	I	A	L	L	G	F	I	M	W	A	C	Q	K	G	N	I	R	C	N	I	C	I
2012	M	K	A	I	I	A	L	S	N	I	L	C	L	V	F	A	Q	K	I	P	G	N	D	N	S	T	A	T	L	C	L	G	H	H	A	V	P	N	G	T	I	V	K	T	I	T	N	D	R	I	E	V	T	N	A	T	E	L	V	Q	N	S	S	I	G	K	I	C	N	S	P	H	Q	I	L	D	G	G	N	C	T	L	I	D	A	L	L	G	D	P	Q	C	D	G	F	Q	N	K	E	W	D	L	F	V	E	R	S	R	A	N	S	S	C	Y	P	Y	D	V	P	D	Y	A	S	L	R	S	L	V	A	S	S	G	T	L	E	F	K	D	E	S	F	N	W	T	G	V	K	Q	N	G	T	S	S	A	C	K	R	G	S	S	S	S	F	F	S	R	L	N	W	L	T	S	L	N	N	I	Y	P	A	Q	N	V	T	M	P	N	K	E	Q	F	D	K	L	Y	I	W	G	V	H	H	P	D	T	D	K	N	Q	F	S	L	F	A	Q	S	S	G	R	I	T	V	S	T	K	R	S	Q	Q	A	V	I	P	N	I	G	S	R	P	R	V	R	D	I	P	S	R	I	S	I	Y	W	T	I	V	K	P	G	D	I	L	L	I	N	S	T	G	N	L	I	A	P	R	G	Y	F	K	I	R	S	G	K	S	S	I	M	R	S	D	A	P	I	G	E	C	K	S	E	C	I	T	P	N	G	S	I	P	N	D	K	P	F	Q	N	V	N	R	I	T	Y	G	A	C	P	R	Y	V	K	Q	S	T	L	K	L	A	T	G	M	R	N	V	P	E	K	Q	T	R	G	I	F	G	A	I	A	G	F	I	E	N	G	W	E	G	M	V	D	G	W	Y	G	F	R	H	Q	N	S	E	G	R	G	Q	A	A	D	L	K	S	T	Q	A	A	I	D	Q	I	S	G	K	L	N	R	L	I	G	K	T	N	E	K	F	H	Q	I	E	K	E	F	S	E	V	E	G	R	V	Q	D	L	E	K	Y	V	E	D	T	K	I	D	L	W	S	Y	N	A	E	L	L	V	A	L	E	N	Q	H	T	I	D	L	T	D	S	E	M	N	K	L	F	E	K	T	K	K	Q	L	R	E	N	A	E	D	M	G	N	G	C	F	K	I	Y	H	K	C	D	N	A	C	I	G	S	I	R	N	E	T	Y	D	H	N	V	Y	R	D	E	A	L	N	N	R	F	Q	I	K	G	V	E	L	K	S	G	Y	K	D	W	I	L	W	I	S	F	A	M	S	C	F	L	L	C	I	A	L	L	G	F	I	M	W	A	C	Q	K	G	N	I	R	C	N	I	C	I
2013	M	K	A	I	I	A	L	S	N	I	L	C	L	V	F	A	Q	K	I	P	G	N	D	N	S	T	A	T	L	C	L	G	H	H	A	V	P	N	G	T	I	V	K	T	I	T	N	D	R	I	E	V	T	N	A	T	E	L	V	Q	N	S	S	I	G	K	I	C	N	S	P	H	Q	I	L	D	G	G	N	C	T	L	I	D	A	L	L	G	D	P	Q	C	D	G	F	Q	N	K	E	W	D	L	F	V	E	R	S	R	A	N	S	S	C	Y	P	Y	D	V	P	D	Y	A	S	L	R	S	L	V	A	S	S	G	T	L	E	F	K	D	E	S	F	N	W	T	G	V	K	Q	N	G	T	S	S	A	C	K	R	G	S	S	S	S	F	F	S	R	L	N	W	L	T	S	L	N	N	I	Y	P	A	Q	N	V	T	M	P	N	K	E	Q	F	D	K	L	Y	I	W	G	V	H	H	P	D	T	D	K	N	Q	F	S	L	F	A	Q	S	S	G	R	I	T	V	S	T	K	R	S	Q	Q	A	V	I	P	N	I	G	S	R	P	R	V	R	D	I	P	S	R	I	S	I	Y	W	T	I	V	K	P	G	D	I	L	L	I	N	S	T	G	N	L	I	A	P	R	G	Y	F	K	I	R	S	G	K	S	S	I	M	R	S	D	A	P	I	G	E	C	K	S	E	C	I	T	P	N	G	S	I	P	N	D	K	P	F	Q	N	V	N	R	I	T	Y	G	A	C	P	R	Y	V	K	Q	S	T	L	K	L	A	T	G	M	R	N	V	P	E	K	Q	T	R	G	I	F	G	A	I	A	G	F	I	E	N	G	W	E	G	M	V	D	G	W	Y	G	F	R	H	Q	N	S	E	G	R	G	Q	A	A	D	L	K	S	T	Q	A	A	I	D	Q	I	S	G	K	L	N	R	L	I	G	K	T	N	E	K	F	H	Q	I	E	K	E	F	S	E	V	E	G	R	V	Q	D	L	E	K	Y	V	E	D	T	K	I	D	L	W	S	Y	N	A	E	L	L	V	A	L	E	N	Q	H	T	I	D	L	T	D	S	E	M	N	K	L	F	E	K	T	K	K	Q	L	R	E	N	A	E	D	M	G	N	G	C	F	K	I	Y	H	K	C	D	N	A	C	I	G	S	I	R	N	E	T	Y	D	H	N	V	Y	R	D	E	A	L	N	N	R	F	Q	I	K	G	V	E	L	K	S	G	Y	K	D	W	I	L	W	I	S	F	A	M	S	C	F	L	L	C	I	A	L	L	G	F	I	M	W	A	C	Q	K	G	N	I	R	C	N	I	C	I
2014	M	K	A	I	I	A	L	S	N	I	L	C	L	V	F	A	Q	K	I	P	G	N	D	N	S	T	A	T	L	C	L	G	H	H	A	V	P	N	G	T	I	V	K	T	I	T	N	D	R	I	E	V	T	N	A	T	E	L	V	Q	N	S	S	I	G	K	I	C	N	S	P	H	Q	I	L	D	G	G	N	C	T	L	I	D	A	L	L	G	D	P	Q	C	D	G	F	Q	N	K	E	W	D	L	F	V	E	R	S	R	A	N	S	S	C	Y	P	Y	D	V	P	D	Y	A	S	L	R	S	L	V	A	S	S	G	T	L	E	F	K	D	E	S	F	N	W	T	G	V	K	Q	N	G	T	S	S	A	C	K	R	G	S	S	S	S	F	F	S	R	L	N	W	L	T	S	L	N	N	I	Y	P	A	Q	N	V	T	M	P	N	K	E	Q	F	D	K	L	Y	I	W	G	V	H	H	P	D	T	D	K	N	Q	F	S	L	F	A	Q	S	S	G	R	I	T	V	S	T	K	R	S	Q	Q	A	V	I	P	N	I	G	S	R	P	R	V	R	D	I	P	S	R	I	S	I	Y	W	T	I	V	K	P	G	D	I	L	L	I	N	S	T	G	N	L	I	A	P	R	G	Y	F	K	I	R	S	G	K	S	S	I	M	R	S	D	A	P	I	G	E	C	K	S	E	C	I	T	P	N	G	S	I	P	N	D	K	P	F	Q	N	V	N	R	I	T	Y	G	A	C	P	R	Y	V	K	Q	S	T	L	K	L	A	T	G	M	R	N	V	P	E	K	Q	T	R	G	I	F	G	A	I	A	G	F	I	E	N	G	W	E	G	M	V	D	G	W	Y	G	F	R	H	Q	N	S	E	G	R	G	Q	A	A	D	L	K	S	T	Q	A	A	I	D	Q	I	S	G	K	L	N	R	L	I	G	K	T	N	E	K	F	H	Q	I	E	K	E	F	S	E	V	E	G	R	V	Q	D	L	E	K	Y	V	E	D	T	K	I	D	L	W	S	Y	N	A	E	L	L	V	A	L	E	N	Q	H	T	I	D	L	T	D	S	E	M	N	K	L	F	E	K	T	K	K	Q	L	R	E	N	A	E	D	M	G	N	G	C	F	K	I	Y	H	K	C	D	N	A	C	I	G	S	I	R	N	E	T	Y	D	H	N	V	Y	R	D	E	A	L	N	N	R	F	Q	I	K	G	V	E	L	K	S	G	Y	K	D	W	I	L	W	I	S	F	A	M	S	C	F	L	L	C	I	A	L	L	G	F	I	M	W	A	C	Q	K	G	N	I	R	C	N	I	C	I
2015	M	K	A	I	I	A	L	S	N	I	L	C	L	V	F	A	Q	K	I	P	G	N	D	N	S	T	A	T	L	C	L	G	H	H	A	V	P	N	G	T	I	V	K	T	I	T	N	D	R	I	E	V	T	N	A	T	E	L	V	Q	N	S	S	I	G	K	I	C	N	S	P	H	Q	I	L	D	G	G	N	C	T	L	I	D	A	L	L	G	D	P	Q	C	D	G	F	Q	N	K	E	W	D	L	F	V	E	R	S	R	A	N	S	S	C	Y	P	Y	D	V	P	D	Y	A	S	L	R	S	L	V	A	S	S	G	T	L	E	F	K	D	E	S	F	N	W	T	G	V	K	Q	N	G	T	S	S	A	C	K	R	G	S	S	S	S	F	F	S	R	L	N	W	L	T	S	L	N	N	I	Y	P	A	Q	N	V	T	M	P	N	K	E	Q	F	D	K	L	Y	I	W	G	V	H	H	P	D	T	D	K	N	Q	F	S	L	F	A	Q	S	S	G	R	I	T	V	S	T	K	R	S	Q	Q	A	V	I	P	N	I	G	S	R	P	R	V	R	D	I	P	S	R	I	S	I	Y	W	T	I	V	K	P	G	D	I	L	L	I	N	S	T	G	N	L	I	A	P	R	G	Y	F	K	I	R	S	G	K	S	S	I	M	R	S	D	A	P	I	G	E	C	K	S	E	C	I	T	P	N	G	S	I	P	N	D	K	P	F	Q	N	V	N	R	I	T	Y	G	A	C	P	R	Y	V	K	Q	S	T	L	K	L	A	T	G	M	R	N	V	P	E	K	Q	T	R	G	I	F	G	A	I	A	G	F	I	E	N	G	W	E	G	M	V	D	G	W	Y	G	F	R	H	Q	N	S	E	G	R	G	Q	A	A	D	L	K	S	T	Q	A	A	I	D	Q	I	S	G	K	L	N	R	L	I	G	K	T	N	E	K	F	H	Q	I	E	K	E	F	S	E	V	E	G	R	V	Q	D	L	E	K	Y	V	E	D	T	K	I	D	L	W	S	Y	N	A	E	L	L	V	A	L	E	N	Q	H	T	I	D	L	T	D	S	E	M	N	K	L	F	E	K	T	K	K	Q	L	R	E	N	A	E	D	M	G	N	G	C	F	K	I	Y	H	K	C	D	N	A	C	I	G	S	I	R	N	E	T	Y	D	H	N	V	Y	R	D	E	A	L	N	N	R	F	Q	I	K	G	V	E	L	K	S	G	Y	K	D	W	I	L	W	I	S	F	A	M	S	C	F	L	L	C	I	A	L	L	G	F	I	M	W	A	C	Q	K	G	N	I	R	C	N	I	C	I
2016	M	K	A	I	I	A	L	S	N	I	L	C	L	V	F	A	Q	K	I	P	G	N	D	N	S	T	A	T	L	C	L	G	H	H	A	V	P	N	G	T	I	V	K	T	I	T	N	D	R	I	E	V	T	N	A	T	E	L	V	Q	N	S	S	I	G	K	I	C	N	S	P	H	Q	I	L	D	G	G	N	C	T	L	I	D	A	L	L	G	D	P	Q	C	D	G	F	Q	N	K	E	W	D	L	F	V	E	R	S	R	A	N	S	S	C	Y	P	Y	D	V	P	D	Y	A	S	L	R	S	L	V	A	S	S	G	T	L	E	F	K	D	E	S	F	N	W	T	G	V	K	Q	N	G	T	S	S	A	C	K	R	G	S	S	S	S	F	F	S	R	L	N	W	L	T	S	L	N	N	I	Y	P	A	Q	N	V	T	M	P	N	K	E	Q	F	D	K	L	Y	I	W	G	V	H	H	P	D	T	D	K	N	Q	F	S	L	F	A	Q	S	S	G	R	I	T	V	S	T	K	R	S	Q	Q	A	V	I	P	N	I	G	S	R	P	R	V	R	D	I	P	S	R	I	S	I	Y	W	T	I	V	K	P	G	D	I	L	L	I	N	S	T	G	N	L	I	A	P	R	G	Y	F	K	I	R	S	G	K	S	S	I	M	R	S	D	A	P	I	G	E	C	K	S	E	C	I	T	P	N	G	S	I	P	N	D	K	P	F	Q	N	V	N	R	I	T	Y	G	A	C	P	R	Y	V	K	Q	S	T	L	K	L	A	T	G	M	R	N	V	P	E	K	Q	T	R	G	I	F	G	A	I	A	G	F	I	E	N	G	W	E	G	M	V	D	G	W	Y	G	F	R	H	Q	N	S	E	G	R	G	Q	A	A	D	L	K	S	T	Q	A	A	I	D	Q	I	S	G	K	L	N	R	L	I	G	K	T	N	E	K	F	H	Q	I	E	K	E	F	S	E	V	E	G	R	V	Q	D	L	E	K	Y	V	E	D	T	K	I	D	L	W	S	Y	N	A	E	L	L	V	A	L	E	N	Q	H	T	I	D	L	T	D	S	E	M	N	K	L	F	E	K	T	K	K	Q	L	R	E	N	A	E	D	M	G	N	G	C	F	K	I	Y	H	K	C	D	N	A	C	I	G	S	I	R	N	E	T	Y	D	H	N	V	Y	R	D	E	A	L	N	N	R	F	Q	I	K	G	V	E	L	K	S	G	Y	K	D	W	I	L	W	I	S	F	A	M	S	C	F	L	L	C	I	A	L	L	G	F	I	M	W	A	C	Q	K	G	N	I	R	C	N	I	C	I
2017	M	K	A	I	I	A	L	S	N	I	L	C	L	V	F	A	Q	K	I	P	G	N	D	N	S	T	A	T	L	C	L	G	H	H	A	V	P	N	G	T	I	V	K	T	I	T	N	D	R	I	E	V	T	N	A	T	E	L	V	Q	N	S	S	I	G	K	I	C	N	S	P	H	Q	I	L	D	G	G	N	C	T	L	I	D	A	L	L	G	D	P	Q	C	D	G	F	Q	N	K	E	W	D	L	F	V	E	R	S	R	A	N	S	S	C	Y	P	Y	D	V	P	D	Y	A	S	L	R	S	L	V	A	S	S	G	T	L	E	F	K	N	E	S	F	N	W	T	G	V	K	Q	N	G	T	S	S	A	C	K	R	G	S	S	S	S	F	F	S	R	L	N	W	L	T	S	L	N	N	I	Y	P	A	Q	N	V	T	M	P	N	K	E	Q	F	D	K	L	Y	I	W	G	V	H	H	P	D	T	D	K	N	Q	F	S	L	F	A	Q	S	S	G	R	I	T	V	S	T	K	R	S	Q	Q	A	V	I	P	N	I	G	S	R	P	R	V	R	D	I	P	S	R	I	S	I	Y	W	T	I	V	K	P	G	D	I	L	L	I	N	S	T	G	N	L	I	A	P	R	G	Y	F	K	I	R	S	G	K	S	S	I	M	R	S	D	A	P	I	G	K	C	K	S	E	C	I	T	P	N	G	S	I	P	N	D	K	P	F	Q	N	V	N	R	I	T	Y	G	A	C	P	R	Y	V	K	Q	S	T	L	K	L	A	T	G	M	R	N	V	P	E	K	Q	T	R	G	I	F	G	A	I	A	G	F	I	E	N	G	W	E	G	M	V	D	G	W	Y	G	F	R	H	Q	N	S	E	G	R	G	Q	A	A	D	L	K	S	T	Q	A	A	I	D	Q	I	S	G	K	L	N	R	L	I	G	K	T	N	E	K	F	H	Q	I	E	K	E	F	S	E	V	E	G	R	V	Q	D	L	E	K	Y	V	E	D	T	K	I	D	L	W	S	Y	N	A	E	L	L	V	A	L	E	N	Q	H	T	I	D	L	T	D	S	E	M	N	K	L	F	E	K	T	K	K	Q	L	R	E	N	A	E	D	M	G	N	G	C	F	K	I	Y	H	K	C	D	N	A	C	I	G	S	I	R	N	E	T	Y	D	H	N	V	Y	R	D	E	A	L	N	N	R	F	Q	I	K	G	V	E	L	K	S	G	Y	K	D	W	I	L	W	I	S	F	A	M	S	C	F	L	L	C	I	A	L	L	G	F	I	M	W	A	C	Q	K	G	N	I	R	C	N	I	C	I
2018	M	K	T	I	I	A	L	S	N	I	L	C	L	V	F	A	Q	K	I	P	G	N	D	N	S	T	A	T	L	C	L	G	H	H	A	V	P	N	G	T	I	V	K	T	I	T	N	D	R	I	E	V	T	N	A	T	E	L	V	Q	N	S	S	I	G	K	I	C	D	S	P	H	Q	I	L	D	G	G	N	C	T	L	I	D	A	L	L	G	D	P	Q	C	D	G	F	Q	N	K	E	W	D	L	F	V	E	R	S	R	A	N	S	N	C	Y	P	Y	D	V	P	D	Y	A	S	L	R	S	L	V	A	S	S	G	T	L	E	F	K	N	E	S	F	N	W	T	G	V	K	Q	N	G	T	S	S	A	C	K	R	G	S	S	S	S	F	F	S	R	L	N	W	L	T	H	L	N	N	I	Y	P	A	Q	N	V	T	M	P	N	K	E	Q	F	D	K	L	Y	I	W	G	V	H	H	P	D	T	D	K	N	Q	I	S	L	F	A	Q	S	S	G	R	I	T	V	S	T	K	R	S	Q	Q	A	V	I	P	N	I	G	S	R	P	R	I	R	D	I	P	S	R	I	S	I	Y	W	T	I	V	K	P	G	D	I	L	L	I	N	S	T	G	N	L	I	A	P	R	G	Y	F	K	I	R	S	G	K	S	S	I	M	R	S	D	A	P	I	G	K	C	K	S	E	C	I	T	P	N	G	S	I	P	N	D	K	P	F	Q	N	V	N	R	I	T	Y	G	A	C	P	R	Y	V	K	Q	S	T	L	K	L	A	T	G	M	R	N	V	P	E	K	Q	T	R	G	I	F	G	A	I	A	G	F	I	E	N	G	W	E	G	M	V	D	G	W	Y	G	F	R	H	Q	N	S	E	G	R	G	Q	A	A	D	L	K	S	T	Q	A	A	I	D	Q	I	N	G	K	L	N	R	L	I	G	K	T	N	E	K	F	H	Q	I	E	K	E	F	S	E	V	E	G	R	V	Q	D	L	E	K	Y	V	E	D	T	K	I	D	L	W	S	Y	N	A	E	L	L	V	A	L	E	N	Q	H	T	I	D	L	T	D	S	E	M	N	K	L	F	E	K	T	K	K	Q	L	R	E	N	A	E	D	M	G	N	G	C	F	K	I	Y	H	K	C	D	N	A	C	I	G	S	I	R	N	E	T	Y	D	H	N	V	Y	R	D	E	A	L	N	N	R	F	Q	I	K	G	V	E	L	K	S	G	Y	K	D	W	I	L	W	I	S	F	A	M	S	C	F	L	L	C	I	A	L	L	G	F	I	M	W	A	C	Q	K	G	N	I	R	C	N	I	C	I
2019	M	K	T	I	I	A	L	S	N	I	L	C	L	V	F	A	Q	K	I	P	G	N	D	N	S	T	A	T	L	C	L	G	H	H	A	V	P	N	G	T	I	V	K	T	I	T	N	D	R	I	E	V	T	N	A	T	E	L	V	Q	N	S	S	I	G	E	I	C	G	S	P	H	Q	I	L	D	G	G	N	C	T	L	I	D	A	L	L	G	D	P	Q	C	D	G	F	Q	N	K	E	W	D	L	F	V	E	R	S	R	A	N	S	N	C	Y	P	Y	D	V	P	G	Y	A	S	L	R	S	L	V	A	S	S	G	T	L	E	F	K	N	E	S	F	N	W	T	G	V	K	Q	N	G	T	S	S	A	C	I	R	G	S	S	S	S	F	F	S	R	L	N	W	L	T	S	L	N	N	I	Y	P	A	Q	N	V	T	M	P	N	K	E	Q	F	D	K	L	Y	I	W	G	V	H	H	P	D	T	D	K	N	Q	I	S	L	F	A	Q	S	S	G	R	I	T	V	S	T	K	R	S	Q	Q	A	V	I	P	N	I	G	S	R	P	R	I	R	D	I	P	S	R	I	S	I	Y	W	T	I	V	K	P	G	D	I	L	L	I	N	S	T	G	N	L	I	A	P	R	G	Y	F	K	I	R	S	G	K	S	S	I	M	R	S	D	A	P	I	G	R	C	K	S	E	C	I	T	P	N	G	S	I	P	N	D	K	P	F	Q	N	V	N	R	I	T	Y	G	A	C	P	R	Y	V	K	Q	S	T	L	K	L	A	T	G	M	R	N	V	P	E	K	Q	T	R	G	I	F	G	A	I	A	G	F	I	E	N	G	W	E	G	M	V	D	G	W	Y	G	F	R	H	Q	N	S	E	G	R	G	Q	A	A	D	L	K	S	T	Q	A	A	I	D	Q	I	N	G	K	L	N	R	L	I	G	K	T	N	E	K	F	H	Q	I	E	K	E	F	S	E	V	E	G	R	V	Q	D	L	E	K	Y	V	E	D	T	K	I	D	L	W	S	Y	N	A	E	L	L	V	A	L	E	N	Q	H	T	I	D	L	T	D	S	E	M	N	K	L	F	E	K	T	K	K	Q	L	R	E	N	A	E	D	M	G	N	G	C	F	K	I	Y	H	K	C	D	N	A	C	I	G	S	I	R	N	E	T	Y	D	H	N	V	Y	R	D	E	A	L	N	N	R	F	Q	I	K	G	V	E	L	K	S	G	Y	K	D	W	I	L	W	I	S	F	A	M	S	C	F	L	L	C	I	A	L	L	G	F	I	M	W	A	C	Q	K	G	N	I	R	C	N	I	C	I
2020	M	K	T	I	I	A	L	S	N	I	L	C	L	V	F	A	Q	K	I	P	G	N	D	N	S	T	A	T	L	C	L	G	H	H	A	V	P	N	G	T	I	V	K	T	I	T	N	D	R	I	E	V	T	N	A	T	E	L	V	Q	N	S	S	I	G	E	I	C	G	S	P	H	Q	I	L	D	G	G	N	C	T	L	I	D	A	L	L	G	D	P	Q	C	D	G	F	Q	N	K	E	W	D	L	F	V	E	R	S	R	A	N	S	N	C	Y	P	Y	D	V	P	G	Y	A	S	L	R	S	L	V	A	S	S	G	T	L	E	F	K	N	E	S	F	N	W	T	G	V	K	Q	N	G	T	S	S	A	C	I	R	G	S	S	S	S	F	F	S	R	L	N	W	L	T	S	I	N	N	I	Y	P	A	Q	N	V	T	M	P	N	K	E	Q	F	D	K	L	Y	I	W	G	V	H	H	P	D	T	D	K	N	Q	I	S	L	F	A	Q	S	S	G	R	I	T	V	S	T	K	R	S	Q	Q	A	V	I	P	N	I	G	S	R	P	R	I	R	D	I	P	S	R	I	S	I	Y	W	T	I	V	K	P	G	D	I	L	L	I	N	S	T	G	N	L	I	A	P	R	G	Y	F	K	I	R	N	G	K	S	S	I	M	R	S	D	A	P	I	G	R	C	K	S	E	C	I	T	P	N	G	S	I	P	N	D	K	P	F	Q	N	V	N	R	I	T	Y	G	A	C	P	R	Y	V	K	Q	S	T	L	K	L	A	T	G	M	R	N	V	P	E	K	Q	T	R	G	I	F	G	A	I	A	G	F	I	E	N	G	W	E	G	M	V	D	G	W	Y	G	F	R	H	Q	N	S	E	G	R	G	Q	A	A	D	L	K	S	T	Q	A	A	I	D	Q	I	N	G	K	L	N	R	L	I	G	K	T	N	E	K	F	H	Q	I	E	K	E	F	S	E	V	E	G	R	V	Q	D	L	E	K	Y	V	E	D	T	K	I	D	L	W	S	Y	N	A	E	L	L	V	A	L	E	N	Q	H	T	I	D	L	T	D	S	E	M	N	K	L	F	E	K	T	K	K	Q	L	R	E	N	A	E	D	M	G	N	G	C	F	K	I	Y	H	K	C	D	N	A	C	I	G	S	I	R	N	E	T	Y	D	H	N	V	Y	R	D	E	A	L	N	N	R	F	Q	I	K	G	V	E	L	K	S	G	Y	K	D	W	I	L	W	I	S	F	A	M	S	C	F	L	L	C	I	A	L	L	G	F	I	M	W	A	C	Q	K	G	N	I	R	C	N	I	C	I
2021	M	K	T	I	I	A	L	S	N	I	L	C	L	V	F	A	Q	K	I	P	G	N	D	N	S	T	A	T	L	C	L	G	H	H	A	V	P	N	G	T	I	V	K	T	I	T	N	D	R	I	E	V	T	N	A	T	E	L	V	Q	N	S	S	I	G	E	I	C	G	S	P	H	Q	I	L	D	G	G	N	C	T	L	I	D	A	L	L	G	D	P	Q	C	D	G	F	Q	N	K	E	W	D	L	F	V	E	R	S	R	A	N	S	N	C	Y	P	Y	D	V	P	G	Y	A	S	L	R	S	L	V	A	S	S	G	T	L	E	F	K	N	E	S	F	N	W	T	G	V	K	Q	N	G	T	S	S	A	C	I	R	G	S	S	S	S	F	F	S	R	L	N	W	L	T	S	I	N	N	I	Y	P	A	Q	N	V	T	M	P	N	K	E	Q	F	D	K	L	Y	I	W	G	V	H	H	P	D	T	D	K	N	Q	I	S	L	F	A	Q	S	S	G	R	I	T	V	S	T	K	R	S	Q	Q	A	V	I	P	N	I	G	S	R	P	R	I	R	D	I	P	S	R	I	S	I	Y	W	T	I	V	K	P	G	D	I	L	L	I	N	S	T	G	N	L	I	A	P	R	G	Y	F	K	I	R	N	G	K	S	S	I	M	R	S	D	A	P	I	G	R	C	K	S	E	C	I	T	P	N	G	S	I	P	N	D	K	P	F	Q	N	V	N	R	I	T	Y	G	A	C	P	R	Y	V	K	Q	S	T	L	K	L	A	T	G	M	R	N	V	P	E	K	Q	T	R	G	I	F	G	A	I	A	G	F	I	E	N	G	W	E	G	M	V	D	G	W	Y	G	F	R	H	Q	N	S	E	G	R	G	Q	A	A	D	L	K	S	T	Q	A	A	I	D	Q	I	N	G	K	L	N	R	L	I	G	K	T	N	E	K	F	H	Q	I	E	K	E	F	S	E	V	E	G	R	V	Q	D	L	E	K	Y	V	E	D	T	K	I	D	L	W	S	Y	N	A	E	L	L	V	A	L	E	N	Q	H	T	I	D	L	T	D	S	E	M	N	K	L	F	E	K	T	K	K	Q	L	R	E	N	A	E	D	M	G	N	G	C	F	K	I	Y	H	K	C	D	N	A	C	I	G	S	I	R	N	E	T	Y	D	H	N	V	Y	R	D	E	A	L	N	N	R	F	Q	I	K	G	V	E	L	K	S	G	Y	K	D	W	I	L	W	I	S	F	A	M	S	C	F	L	L	C	I	A	L	L	G	F	I	M	W	A	C	Q	K	G	N	I	R	C	N	I	C	I
2022	M	K	T	I	I	A	L	S	Y	I	L	C	L	V	F	A	Q	K	I	P	G	N	D	N	S	T	A	T	L	C	L	G	H	H	A	V	P	N	G	T	I	V	K	T	I	T	N	D	R	I	E	V	T	N	A	T	E	L	V	Q	N	S	S	I	G	E	I	C	D	S	P	H	Q	I	L	D	G	E	N	C	T	L	I	D	A	L	L	G	D	P	Q	C	D	G	F	Q	N	K	K	W	D	L	F	V	E	R	S	K	A	Y	S	N	C	Y	P	Y	D	V	P	D	Y	A	S	L	R	S	L	V	A	S	S	G	T	L	E	F	N	N	E	S	F	N	W	T	G	V	T	Q	N	G	T	S	S	A	C	I	R	G	S	S	S	S	F	F	S	R	L	N	W	L	T	H	L	N	Y	K	Y	P	A	L	N	V	T	M	P	N	N	E	Q	F	D	K	L	Y	I	W	G	V	H	H	P	G	T	D	K	D	Q	I	S	L	Y	A	Q	S	S	G	R	I	T	V	S	T	K	R	S	Q	Q	A	V	I	P	N	I	G	S	R	P	R	I	R	D	I	P	S	R	I	S	I	Y	W	T	I	V	K	P	G	D	I	L	L	I	N	S	T	G	N	L	I	A	P	R	G	Y	F	K	I	R	S	G	K	S	S	I	M	R	S	D	A	P	I	G	K	C	K	S	E	C	I	T	P	N	G	S	I	P	N	D	K	P	F	Q	N	V	N	R	I	T	Y	G	A	C	P	R	Y	V	K	Q	S	T	L	K	L	A	T	G	M	R	N	V	P	E	K	Q	T	R	G	I	F	G	A	I	A	G	F	I	E	N	G	W	E	G	M	V	D	G	W	Y	G	F	R	H	Q	N	S	E	G	R	G	Q	A	A	D	L	K	S	T	Q	A	A	I	D	Q	I	N	G	K	L	N	R	L	I	G	K	T	N	E	K	F	H	Q	I	E	K	E	F	S	E	V	E	G	R	I	Q	D	L	E	K	Y	V	E	D	T	K	I	D	L	W	S	Y	N	A	E	L	L	V	A	L	E	N	Q	H	T	I	D	L	T	D	S	E	M	N	K	L	F	E	K	T	K	K	Q	L	R	E	N	A	E	D	M	G	N	G	C	F	K	I	Y	H	K	C	D	N	A	C	I	G	S	I	R	N	G	T	Y	D	H	N	V	Y	R	D	E	A	L	N	N	R	F	Q	I	K	G	V	E	L	K	S	G	Y	K	D	W	I	L	W	I	S	F	A	I	S	C	F	L	L	C	V	A	L	L	G	F	I	M	W	A	C	Q	K	G	N	I	R	C	N	I	C	I
2023	M	K	T	I	I	A	L	S	Y	I	L	C	L	V	F	A	Q	K	I	P	G	N	D	N	S	T	A	T	L	C	L	G	H	H	A	V	P	N	G	T	I	V	K	T	I	T	N	D	R	I	E	V	T	N	A	T	E	L	V	Q	N	S	S	I	G	E	I	C	D	S	P	H	Q	I	L	D	G	E	N	C	T	L	I	D	A	L	L	G	D	P	Q	C	D	G	F	Q	N	K	K	W	D	L	F	V	E	R	S	K	A	Y	S	N	C	Y	P	Y	D	V	P	D	Y	A	S	L	R	S	L	V	A	S	S	G	T	L	E	F	N	N	E	S	F	N	W	T	G	V	K	Q	N	G	T	S	S	A	C	I	R	K	S	S	S	S	F	F	S	R	L	N	W	L	T	H	L	N	Y	T	Y	P	A	L	N	V	T	M	P	N	N	E	Q	F	D	K	L	Y	I	W	G	V	H	H	P	G	T	D	K	D	Q	I	F	L	Y	A	Q	S	S	G	R	I	T	V	S	T	K	R	S	Q	Q	A	V	I	P	N	I	G	S	R	P	R	I	R	D	I	P	S	R	I	S	I	Y	W	T	I	V	K	P	G	D	I	L	L	I	N	S	T	G	N	L	I	A	P	R	G	Y	F	K	I	Q	S	G	K	S	S	I	M	R	S	D	A	P	I	G	K	C	K	S	E	C	I	T	P	N	G	S	I	P	N	D	K	P	F	Q	N	V	N	R	I	T	Y	G	A	C	P	R	Y	V	K	H	S	T	L	K	L	A	T	G	M	R	N	V	P	E	K	Q	T	R	G	I	F	G	A	I	A	G	F	I	E	N	G	W	E	G	M	V	D	G	W	Y	G	F	R	H	Q	N	S	E	G	R	G	Q	A	A	D	L	K	S	T	Q	A	A	I	D	Q	I	N	G	K	L	N	R	L	I	G	K	T	N	E	K	F	H	Q	I	E	K	E	F	S	E	V	E	G	R	I	Q	D	L	E	K	Y	V	E	D	T	K	I	D	L	W	S	Y	N	A	E	L	L	V	A	L	E	N	Q	H	T	I	D	L	T	D	S	E	M	N	K	L	F	E	K	T	K	K	Q	L	R	E	N	A	E	D	M	G	N	G	C	F	K	I	Y	H	K	C	D	N	A	C	I	G	S	I	R	N	G	T	Y	D	H	N	V	Y	R	D	E	A	L	N	N	R	F	Q	I	K	G	V	E	L	K	S	G	Y	K	D	W	I	L	W	I	S	F	A	I	S	C	F	L	L	C	V	A	L	L	G	F	I	M	W	A	C	Q	K	G	N	I	R	C	N	I	C	I
2024	M	K	T	I	I	A	L	S	Y	I	L	C	L	V	F	A	Q	K	I	P	G	N	D	N	S	T	A	T	L	C	L	G	H	H	A	V	P	N	G	T	I	V	K	T	I	T	N	D	R	I	E	V	T	N	A	T	E	L	V	Q	N	S	S	I	G	E	I	C	D	S	P	H	Q	I	L	D	G	E	N	C	T	L	I	D	A	L	L	G	D	P	Q	C	D	G	F	Q	N	K	K	W	D	L	F	V	E	R	S	K	A	Y	S	N	C	Y	P	Y	D	V	P	D	Y	A	S	L	R	S	L	V	A	S	S	G	T	L	E	F	N	N	E	S	F	N	W	T	G	V	T	Q	N	G	T	S	S	A	C	I	R	R	S	S	S	S	F	F	S	R	L	N	W	L	T	H	L	N	Y	T	Y	P	A	L	N	V	T	M	P	N	K	E	Q	F	D	K	L	Y	I	W	G	V	H	H	P	G	T	D	K	D	Q	I	F	L	Y	A	Q	S	S	G	R	I	T	V	S	T	K	R	S	Q	Q	A	V	I	P	N	I	G	S	R	P	R	I	R	D	I	P	S	R	I	S	I	Y	W	T	I	V	K	P	G	D	I	L	L	I	N	S	T	G	N	L	I	A	P	R	G	Y	F	K	I	R	S	G	K	S	S	I	M	R	S	D	A	P	I	G	K	C	K	S	E	C	I	T	P	N	G	S	I	P	N	D	K	P	F	Q	N	V	N	R	I	T	Y	G	A	C	P	R	Y	V	K	H	S	T	L	K	L	A	T	G	M	R	N	V	P	E	K	Q	T	R	G	I	F	G	A	I	A	G	F	I	E	N	G	W	E	G	M	V	D	G	W	Y	G	F	R	H	Q	N	S	E	G	R	G	Q	A	A	D	L	K	S	T	Q	A	A	I	D	Q	I	N	G	K	L	N	R	L	I	G	K	T	N	E	K	F	H	Q	I	E	K	E	F	S	E	V	E	G	R	I	Q	D	L	E	K	Y	V	E	D	T	K	I	D	L	W	S	Y	N	A	E	L	L	V	A	L	E	N	Q	H	T	I	D	L	T	D	S	E	M	N	K	L	F	E	K	T	K	K	Q	L	R	E	N	A	E	D	M	G	N	G	C	F	K	I	Y	H	K	C	D	N	A	C	I	G	S	I	R	N	G	T	Y	D	H	N	V	Y	R	D	E	A	L	N	N	R	F	Q	I	K	G	V	E	L	K	S	G	Y	K	D	W	I	L	W	I	S	F	A	I	S	C	F	L	L	C	V	A	L	L	G	F	I	M	W	A	C	Q	K	G	N	I	R	C	N	I	C	I
2025	M	K	T	I	I	A	L	S	Y	I	L	C	L	V	F	A	Q	K	L	P	G	N	D	N	S	T	A	T	L	C	L	G	H	H	A	V	P	N	G	T	I	V	K	T	I	T	N	D	R	I	E	V	T	N	A	T	E	L	V	Q	N	S	S	I	G	E	I	C	D	S	P	H	Q	I	L	D	G	E	N	C	T	L	I	D	A	L	L	G	D	P	Q	C	D	G	F	Q	N	K	K	W	D	L	F	V	E	R	S	K	A	Y	S	N	C	Y	P	Y	D	V	P	D	Y	A	S	L	R	S	L	V	A	S	S	G	T	L	E	F	N	N	E	S	F	N	W	T	G	V	T	Q	N	G	T	S	S	A	C	I	R	R	S	N	S	S	F	F	S	R	L	N	W	L	T	H	L	N	F	K	Y	P	A	L	N	V	T	M	P	N	N	E	Q	F	D	K	L	Y	I	W	G	V	H	H	P	G	T	D	K	D	Q	I	F	L	Y	A	Q	S	S	G	R	I	T	V	S	T	K	R	S	Q	Q	A	V	I	P	N	I	G	S	R	P	R	I	R	N	I	P	S	R	I	S	I	Y	W	T	I	V	K	P	G	D	I	L	L	I	N	S	T	G	N	L	I	A	P	R	G	Y	F	K	I	R	S	G	K	S	S	I	M	R	S	D	A	P	I	G	K	C	K	S	E	C	I	T	P	N	G	S	I	P	N	D	K	P	F	Q	N	V	N	R	I	T	Y	G	A	C	P	R	Y	V	K	Q	S	T	L	K	L	A	T	G	M	R	N	V	P	E	K	Q	T	R	G	I	F	G	A	I	A	G	F	I	E	N	G	W	E	G	M	V	D	G	W	Y	G	F	R	H	Q	N	S	E	G	R	G	Q	A	A	D	L	K	S	T	Q	A	A	I	D	Q	I	N	G	K	L	N	R	L	I	G	K	T	N	E	K	F	H	Q	I	E	K	E	F	S	E	V	E	G	R	I	Q	D	L	E	K	Y	V	E	D	T	K	I	D	L	W	S	Y	N	A	E	L	L	V	A	L	E	N	Q	H	T	I	D	L	T	D	S	E	M	N	K	L	F	E	K	T	K	K	Q	L	R	E	N	A	E	D	M	G	N	G	C	F	K	I	Y	H	K	C	D	N	A	C	I	G	S	I	R	N	G	T	Y	D	H	D	V	Y	R	D	E	A	L	N	N	R	F	Q	I	K	G	V	E	L	K	S	G	Y	K	D	W	I	L	W	I	S	F	A	I	S	C	F	L	L	C	V	A	L	L	G	F	I	M	W	A	C	Q	K	G	N	I	R	C	N	I	C	I
2026	M	K	T	I	I	A	L	S	Y	I	L	C	L	V	F	A	Q	K	L	P	G	N	D	N	S	T	A	T	L	C	L	G	H	H	A	V	P	N	G	T	I	V	K	T	I	T	N	D	Q	I	E	V	T	N	A	T	E	L	V	Q	S	S	S	T	G	E	I	C	D	S	P	H	Q	I	L	D	G	E	N	C	T	L	I	D	A	L	L	G	D	P	Q	C	D	G	F	Q	N	K	K	W	D	L	F	V	E	R	S	K	A	Y	S	N	C	Y	P	Y	D	V	P	D	Y	A	S	L	R	S	L	V	A	S	S	G	T	L	E	F	N	N	E	S	F	N	W	T	G	V	T	Q	N	G	T	S	S	A	C	I	R	R	S	N	N	S	F	F	S	R	L	N	W	L	T	H	L	N	F	K	Y	P	A	L	N	V	T	M	P	N	N	E	Q	F	D	K	L	Y	I	W	G	V	H	H	P	G	T	D	K	D	Q	I	F	L	Y	A	Q	A	S	G	R	I	T	V	S	T	K	R	S	Q	Q	T	V	I	P	N	I	G	S	R	P	R	V	R	N	I	P	S	R	I	S	I	Y	W	T	I	V	K	P	G	D	I	L	L	I	N	S	T	G	N	L	I	A	P	R	G	Y	F	K	I	R	S	G	K	S	S	I	M	R	S	D	A	P	I	G	K	C	N	S	E	C	I	T	P	N	G	S	I	P	N	D	K	P	F	Q	N	V	N	R	I	T	Y	G	A	C	P	R	Y	V	K	Q	N	T	L	K	L	A	T	G	M	R	N	V	P	E	K	Q	T	R	G	I	F	G	A	I	A	G	F	I	E	N	G	W	E	G	M	V	D	G	W	Y	G	F	R	H	Q	N	S	E	G	R	G	Q	A	A	D	L	K	S	T	Q	A	A	I	D	Q	I	N	G	K	L	N	R	L	I	G	K	T	N	E	K	F	H	Q	I	E	K	E	F	S	E	V	E	G	R	I	Q	D	L	E	K	Y	V	E	D	T	K	I	D	L	W	S	Y	N	A	E	L	L	V	A	L	E	N	Q	H	T	I	D	L	T	D	S	E	M	N	K	L	F	E	K	T	K	K	Q	L	R	E	N	A	E	D	M	G	N	G	C	F	K	I	Y	H	K	C	D	N	A	C	I	G	S	I	R	N	G	T	Y	D	H	D	V	Y	R	D	E	A	L	N	N	R	F	Q	I	K	G	V	E	L	K	S	G	Y	K	D	W	I	L	W	I	S	F	A	I	S	C	F	L	L	C	V	A	L	L	G	F	I	M	W	A	C	Q	K	G	N	I	R	C	N	I	C	I
