year	n_sequences
1968	81
1969	7
1970	6
1971	7
1972	18
1973	10
1974	11
1975	8
1976	18
1977	13
1978	6
1979	2
1980	9
1981	3
1982	11
1983	6
1984	4
1985	13
1986	8
1987	5
1988	13
1989	20
1990	11
1991	38
1992	38
1993	105
1994	74
1995	76
1996	90
1997	72
1998	93
1999	181
2000	177
2001	97
2002	228
2003	401
2004	346
2005	330
2006	127
2007	533
2008	547
2009	937
2010	1068
2011	1129
2012	1732
2013	1815
2014	2091
2015	2898
2016	2990
2017	6487
2018	3477
2019	5612
2020	452
2021	2434
2022	10120
2023	2643
2024	8331
2025	9701
2026	2063
