Year,N_sequences,Min_length,Max_length,Mean_length,Fasta_file
1968,81,566,566,566.0,year_consensus\figures\fasta_by_year\sequences_1968.fasta
1969,7,566,566,566.0,year_consensus\figures\fasta_by_year\sequences_1969.fasta
1970,6,566,566,566.0,year_consensus\figures\fasta_by_year\sequences_1970.fasta
1971,7,566,566,566.0,year_consensus\figures\fasta_by_year\sequences_1971.fasta
1972,18,566,566,566.0,year_consensus\figures\fasta_by_year\sequences_1972.fasta
1973,10,566,566,566.0,year_consensus\figures\fasta_by_year\sequences_1973.fasta
1974,11,566,566,566.0,year_consensus\figures\fasta_by_year\sequences_1974.fasta
1975,8,566,566,566.0,year_consensus\figures\fasta_by_year\sequences_1975.fasta
1976,18,566,566,566.0,year_consensus\figures\fasta_by_year\sequences_1976.fasta
1977,13,566,566,566.0,year_consensus\figures\fasta_by_year\sequences_1977.fasta
1978,6,566,566,566.0,year_consensus\figures\fasta_by_year\sequences_1978.fasta
1979,2,566,566,566.0,year_consensus\figures\fasta_by_year\sequences_1979.fasta
1980,9,566,566,566.0,year_consensus\figures\fasta_by_year\sequences_1980.fasta
1981,3,566,566,566.0,year_consensus\figures\fasta_by_year\sequences_1981.fasta
1982,11,566,566,566.0,year_consensus\figures\fasta_by_year\sequences_1982.fasta
1983,6,566,566,566.0,year_consensus\figures\fasta_by_year\sequences_1983.fasta
1984,4,566,566,566.0,year_consensus\figures\fasta_by_year\sequences_1984.fasta
1985,13,566,566,566.0,year_consensus\figures\fasta_by_year\sequences_1985.fasta
1986,8,566,566,566.0,year_consensus\figures\fasta_by_year\sequences_1986.fasta
1987,5,566,566,566.0,year_consensus\figures\fasta_by_year\sequences_1987.fasta
1988,13,566,566,566.0,year_consensus\figures\fasta_by_year\sequences_1988.fasta
1989,20,566,566,566.0,year_consensus\figures\fasta_by_year\sequences_1989.fasta
1990,11,566,566,566.0,year_consensus\figures\fasta_by_year\sequences_1990.fasta
1991,38,566,566,566.0,year_consensus\figures\fasta_by_year\sequences_1991.fasta
1992,38,566,566,566.0,year_consensus\figures\fasta_by_year\sequences_1992.fasta
1993,105,566,566,566.0,year_consensus\figures\fasta_by_year\sequences_1993.fasta
1994,74,566,566,566.0,year_consensus\figures\fasta_by_year\sequences_1994.fasta
1995,76,566,566,566.0,year_consensus\figures\fasta_by_year\sequences_1995.fasta
1996,90,566,566,566.0,year_consensus\figures\fasta_by_year\sequences_1996.fasta
1997,72,566,566,566.0,year_consensus\figures\fasta_by_year\sequences_1997.fasta
1998,93,566,566,566.0,year_consensus\figures\fasta_by_year\sequences_1998.fasta
1999,181,566,566,566.0,year_consensus\figures\fasta_by_year\sequences_1999.fasta
2000,177,566,566,566.0,year_consensus\figures\fasta_by_year\sequences_2000.fasta
2001,97,566,566,566.0,year_consensus\figures\fasta_by_year\sequences_2001.fasta
2002,228,566,566,566.0,year_consensus\figures\fasta_by_year\sequences_2002.fasta
2003,401,566,566,566.0,year_consensus\figures\fasta_by_year\sequences_2003.fasta
2004,346,566,566,566.0,year_consensus\figures\fasta_by_year\sequences_2004.fasta
2005,330,566,566,566.0,year_consensus\figures\fasta_by_year\sequences_2005.fasta
2006,127,566,566,566.0,year_consensus\figures\fasta_by_year\sequences_2006.fasta
2007,533,566,566,566.0,year_consensus\figures\fasta_by_year\sequences_2007.fasta
2008,547,566,566,566.0,year_consensus\figures\fasta_by_year\sequences_2008.fasta
2009,937,566,566,566.0,year_consensus\figures\fasta_by_year\sequences_2009.fasta
2010,1068,566,566,566.0,year_consensus\figures\fasta_by_year\sequences_2010.fasta
2011,1129,566,566,566.0,year_consensus\figures\fasta_by_year\sequences_2011.fasta
2012,1732,566,566,566.0,year_consensus\figures\fasta_by_year\sequences_2012.fasta
2013,1815,566,566,566.0,year_consensus\figures\fasta_by_year\sequences_2013.fasta
2014,2091,566,566,566.0,year_consensus\figures\fasta_by_year\sequences_2014.fasta
2015,2898,566,566,566.0,year_consensus\figures\fasta_by_year\sequences_2015.fasta
2016,2990,566,566,566.0,year_consensus\figures\fasta_by_year\sequences_2016.fasta
2017,6487,566,566,566.0,year_consensus\figures\fasta_by_year\sequences_2017.fasta
2018,3477,566,566,566.0,year_consensus\figures\fasta_by_year\sequences_2018.fasta
2019,5612,566,566,566.0,year_consensus\figures\fasta_by_year\sequences_2019.fasta
2020,452,566,566,566.0,year_consensus\figures\fasta_by_year\sequences_2020.fasta
2021,2434,566,566,566.0,year_consensus\figures\fasta_by_year\sequences_2021.fasta
2022,10120,566,566,566.0,year_consensus\figures\fasta_by_year\sequences_2022.fasta
2023,2643,566,566,566.0,year_consensus\figures\fasta_by_year\sequences_2023.fasta
2024,8331,566,566,566.0,year_consensus\figures\fasta_by_year\sequences_2024.fasta
2025,9701,566,566,566.0,year_consensus\figures\fasta_by_year\sequences_2025.fasta
2026,2063,566,566,566.0,year_consensus\figures\fasta_by_year\sequences_2026.fasta
